outer_fold,relative_path,true_class,predicted_class
1,Training/glioma/Tr-gl_100.png,glioma,meningioma
1,Training/glioma/Tr-gl_1001.png,glioma,glioma
1,Training/glioma/Tr-gl_1003.png,glioma,meningioma
1,Training/glioma/Tr-gl_1014.png,glioma,glioma
1,Training/glioma/Tr-gl_1015.png,glioma,glioma
1,Training/glioma/Tr-gl_1016.png,glioma,glioma
1,Training/glioma/Tr-gl_1017.png,glioma,glioma
1,Training/glioma/Tr-gl_1018.png,glioma,pituitary
1,Training/glioma/Tr-gl_102.png,glioma,glioma
1,Training/glioma/Tr-gl_1020.png,glioma,glioma
1,Training/glioma/Tr-gl_1021.png,glioma,glioma
1,Training/glioma/Tr-gl_1029.png,glioma,glioma
1,Training/glioma/Tr-gl_1030.png,glioma,meningioma
1,Training/glioma/Tr-gl_1034.png,glioma,glioma
1,Training/glioma/Tr-gl_1041.png,glioma,glioma
1,Training/glioma/Tr-gl_1044.png,glioma,glioma
1,Training/glioma/Tr-gl_1050.png,glioma,pituitary
1,Training/glioma/Tr-gl_1052.png,glioma,glioma
1,Training/glioma/Tr-gl_1053.png,glioma,glioma
1,Training/glioma/Tr-gl_1059.png,glioma,meningioma
1,Training/glioma/Tr-gl_1065.png,glioma,meningioma
1,Training/glioma/Tr-gl_1066.png,glioma,glioma
1,Training/glioma/Tr-gl_1068.png,glioma,glioma
1,Training/glioma/Tr-gl_1077.png,glioma,glioma
1,Training/glioma/Tr-gl_108.png,glioma,meningioma
1,Training/glioma/Tr-gl_1087.png,glioma,glioma
1,Training/glioma/Tr-gl_109.png,glioma,glioma
1,Training/glioma/Tr-gl_110.png,glioma,glioma
1,Training/glioma/Tr-gl_1103.png,glioma,glioma
1,Training/glioma/Tr-gl_1104.png,glioma,glioma
1,Training/glioma/Tr-gl_111.png,glioma,glioma
1,Training/glioma/Tr-gl_1110.png,glioma,glioma
1,Training/glioma/Tr-gl_1111.png,glioma,glioma
1,Training/glioma/Tr-gl_1113.png,glioma,glioma
1,Training/glioma/Tr-gl_1117.png,glioma,meningioma
1,Training/glioma/Tr-gl_1148.png,glioma,glioma
1,Training/glioma/Tr-gl_1151.png,glioma,meningioma
1,Training/glioma/Tr-gl_1152.png,glioma,meningioma
1,Training/glioma/Tr-gl_1169.png,glioma,glioma
1,Training/glioma/Tr-gl_1172.png,glioma,glioma
1,Training/glioma/Tr-gl_1174.png,glioma,meningioma
1,Training/glioma/Tr-gl_1181.png,glioma,meningioma
1,Training/glioma/Tr-gl_1182.png,glioma,glioma
1,Training/glioma/Tr-gl_1195.png,glioma,glioma
1,Training/glioma/Tr-gl_1201.png,glioma,glioma
1,Training/glioma/Tr-gl_1204.png,glioma,meningioma
1,Training/glioma/Tr-gl_1212.png,glioma,glioma
1,Training/glioma/Tr-gl_1214.png,glioma,glioma
1,Training/glioma/Tr-gl_1225.png,glioma,glioma
1,Training/glioma/Tr-gl_123.png,glioma,glioma
1,Training/glioma/Tr-gl_1230.png,glioma,glioma
1,Training/glioma/Tr-gl_1233.png,glioma,glioma
1,Training/glioma/Tr-gl_124.png,glioma,glioma
1,Training/glioma/Tr-gl_1240.png,glioma,glioma
1,Training/glioma/Tr-gl_1246.png,glioma,glioma
1,Training/glioma/Tr-gl_1251.png,glioma,glioma
1,Training/glioma/Tr-gl_1252.png,glioma,glioma
1,Training/glioma/Tr-gl_1271.png,glioma,meningioma
1,Training/glioma/Tr-gl_128.png,glioma,glioma
1,Training/glioma/Tr-gl_1283.png,glioma,glioma
1,Training/glioma/Tr-gl_1295.png,glioma,glioma
1,Training/glioma/Tr-gl_13.png,glioma,glioma
1,Training/glioma/Tr-gl_1302.png,glioma,meningioma
1,Training/glioma/Tr-gl_1304.png,glioma,glioma
1,Training/glioma/Tr-gl_1309.png,glioma,glioma
1,Training/glioma/Tr-gl_1313.png,glioma,glioma
1,Training/glioma/Tr-gl_1314.png,glioma,glioma
1,Training/glioma/Tr-gl_1329.png,glioma,pituitary
1,Training/glioma/Tr-gl_1336.png,glioma,glioma
1,Training/glioma/Tr-gl_1348.png,glioma,glioma
1,Training/glioma/Tr-gl_1352.png,glioma,glioma
1,Training/glioma/Tr-gl_1370.png,glioma,glioma
1,Training/glioma/Tr-gl_1371.png,glioma,glioma
1,Training/glioma/Tr-gl_1380.png,glioma,glioma
1,Training/glioma/Tr-gl_1381.png,glioma,meningioma
1,Training/glioma/Tr-gl_1396.png,glioma,glioma
1,Training/glioma/Tr-gl_14.png,glioma,glioma
1,Training/glioma/Tr-gl_164.png,glioma,meningioma
1,Training/glioma/Tr-gl_167.png,glioma,glioma
1,Training/glioma/Tr-gl_168.png,glioma,meningioma
1,Training/glioma/Tr-gl_17.png,glioma,pituitary
1,Training/glioma/Tr-gl_171.png,glioma,meningioma
1,Training/glioma/Tr-gl_174.png,glioma,meningioma
1,Training/glioma/Tr-gl_181.png,glioma,meningioma
1,Training/glioma/Tr-gl_186.png,glioma,glioma
1,Training/glioma/Tr-gl_19.png,glioma,glioma
1,Training/glioma/Tr-gl_192.png,glioma,glioma
1,Training/glioma/Tr-gl_194.png,glioma,glioma
1,Training/glioma/Tr-gl_207.png,glioma,glioma
1,Training/glioma/Tr-gl_210.png,glioma,glioma
1,Training/glioma/Tr-gl_213.png,glioma,glioma
1,Training/glioma/Tr-gl_214.png,glioma,glioma
1,Training/glioma/Tr-gl_215.png,glioma,glioma
1,Training/glioma/Tr-gl_233.png,glioma,glioma
1,Training/glioma/Tr-gl_238.png,glioma,glioma
1,Training/glioma/Tr-gl_240.png,glioma,glioma
1,Training/glioma/Tr-gl_246.png,glioma,glioma
1,Training/glioma/Tr-gl_254.png,glioma,glioma
1,Training/glioma/Tr-gl_257.png,glioma,meningioma
1,Training/glioma/Tr-gl_258.png,glioma,glioma
1,Training/glioma/Tr-gl_262.png,glioma,pituitary
1,Training/glioma/Tr-gl_264.png,glioma,glioma
1,Training/glioma/Tr-gl_270.png,glioma,glioma
1,Training/glioma/Tr-gl_271.png,glioma,meningioma
1,Training/glioma/Tr-gl_274.png,glioma,pituitary
1,Training/glioma/Tr-gl_275.png,glioma,glioma
1,Training/glioma/Tr-gl_277.png,glioma,pituitary
1,Training/glioma/Tr-gl_279.png,glioma,glioma
1,Training/glioma/Tr-gl_28.png,glioma,meningioma
1,Training/glioma/Tr-gl_282.png,glioma,glioma
1,Training/glioma/Tr-gl_285.png,glioma,glioma
1,Training/glioma/Tr-gl_296.png,glioma,meningioma
1,Training/glioma/Tr-gl_297.png,glioma,glioma
1,Training/glioma/Tr-gl_299.png,glioma,glioma
1,Training/glioma/Tr-gl_303.png,glioma,glioma
1,Training/glioma/Tr-gl_304.png,glioma,glioma
1,Training/glioma/Tr-gl_307.png,glioma,meningioma
1,Training/glioma/Tr-gl_309.png,glioma,meningioma
1,Training/glioma/Tr-gl_314.png,glioma,glioma
1,Training/glioma/Tr-gl_315.png,glioma,glioma
1,Training/glioma/Tr-gl_317.png,glioma,glioma
1,Training/glioma/Tr-gl_319.png,glioma,glioma
1,Training/glioma/Tr-gl_322.png,glioma,meningioma
1,Training/glioma/Tr-gl_323.png,glioma,glioma
1,Training/glioma/Tr-gl_328.png,glioma,glioma
1,Training/glioma/Tr-gl_330.png,glioma,meningioma
1,Training/glioma/Tr-gl_34.png,glioma,glioma
1,Training/glioma/Tr-gl_343.png,glioma,glioma
1,Training/glioma/Tr-gl_346.png,glioma,glioma
1,Training/glioma/Tr-gl_349.png,glioma,meningioma
1,Training/glioma/Tr-gl_35.png,glioma,glioma
1,Training/glioma/Tr-gl_351.png,glioma,glioma
1,Training/glioma/Tr-gl_359.png,glioma,glioma
1,Training/glioma/Tr-gl_36.png,glioma,glioma
1,Training/glioma/Tr-gl_361.png,glioma,glioma
1,Training/glioma/Tr-gl_373.png,glioma,glioma
1,Training/glioma/Tr-gl_378.png,glioma,glioma
1,Training/glioma/Tr-gl_380.png,glioma,pituitary
1,Training/glioma/Tr-gl_381.png,glioma,glioma
1,Training/glioma/Tr-gl_382.png,glioma,glioma
1,Training/glioma/Tr-gl_385.png,glioma,glioma
1,Training/glioma/Tr-gl_387.png,glioma,glioma
1,Training/glioma/Tr-gl_389.png,glioma,glioma
1,Training/glioma/Tr-gl_391.png,glioma,glioma
1,Training/glioma/Tr-gl_4.png,glioma,glioma
1,Training/glioma/Tr-gl_404.png,glioma,glioma
1,Training/glioma/Tr-gl_411.png,glioma,glioma
1,Training/glioma/Tr-gl_420.png,glioma,glioma
1,Training/glioma/Tr-gl_425.png,glioma,glioma
1,Training/glioma/Tr-gl_433.png,glioma,meningioma
1,Training/glioma/Tr-gl_435.png,glioma,meningioma
1,Training/glioma/Tr-gl_438.png,glioma,glioma
1,Training/glioma/Tr-gl_439.png,glioma,glioma
1,Training/glioma/Tr-gl_44.png,glioma,glioma
1,Training/glioma/Tr-gl_445.png,glioma,glioma
1,Training/glioma/Tr-gl_454.png,glioma,glioma
1,Training/glioma/Tr-gl_459.png,glioma,glioma
1,Training/glioma/Tr-gl_463.png,glioma,glioma
1,Training/glioma/Tr-gl_465.png,glioma,glioma
1,Training/glioma/Tr-gl_469.png,glioma,glioma
1,Training/glioma/Tr-gl_470.png,glioma,meningioma
1,Training/glioma/Tr-gl_474.png,glioma,glioma
1,Training/glioma/Tr-gl_475.png,glioma,glioma
1,Training/glioma/Tr-gl_477.png,glioma,glioma
1,Training/glioma/Tr-gl_489.png,glioma,glioma
1,Training/glioma/Tr-gl_49.png,glioma,glioma
1,Training/glioma/Tr-gl_491.png,glioma,glioma
1,Training/glioma/Tr-gl_495.png,glioma,glioma
1,Training/glioma/Tr-gl_498.png,glioma,glioma
1,Training/glioma/Tr-gl_501.png,glioma,glioma
1,Training/glioma/Tr-gl_507.png,glioma,glioma
1,Training/glioma/Tr-gl_509.png,glioma,glioma
1,Training/glioma/Tr-gl_51.png,glioma,meningioma
1,Training/glioma/Tr-gl_510.png,glioma,glioma
1,Training/glioma/Tr-gl_514.png,glioma,glioma
1,Training/glioma/Tr-gl_515.png,glioma,glioma
1,Training/glioma/Tr-gl_517.png,glioma,glioma
1,Training/glioma/Tr-gl_518.png,glioma,glioma
1,Training/glioma/Tr-gl_524.png,glioma,glioma
1,Training/glioma/Tr-gl_527.png,glioma,glioma
1,Training/glioma/Tr-gl_537.png,glioma,glioma
1,Training/glioma/Tr-gl_538.png,glioma,glioma
1,Training/glioma/Tr-gl_539.png,glioma,pituitary
1,Training/glioma/Tr-gl_542.png,glioma,glioma
1,Training/glioma/Tr-gl_543.png,glioma,glioma
1,Training/glioma/Tr-gl_55.png,glioma,glioma
1,Training/glioma/Tr-gl_551.png,glioma,glioma
1,Training/glioma/Tr-gl_556.png,glioma,pituitary
1,Training/glioma/Tr-gl_560.png,glioma,glioma
1,Training/glioma/Tr-gl_57.png,glioma,glioma
1,Training/glioma/Tr-gl_580.png,glioma,glioma
1,Training/glioma/Tr-gl_585.png,glioma,meningioma
1,Training/glioma/Tr-gl_588.png,glioma,meningioma
1,Training/glioma/Tr-gl_593.png,glioma,glioma
1,Training/glioma/Tr-gl_601.png,glioma,meningioma
1,Training/glioma/Tr-gl_605.png,glioma,glioma
1,Training/glioma/Tr-gl_607.png,glioma,glioma
1,Training/glioma/Tr-gl_610.png,glioma,glioma
1,Training/glioma/Tr-gl_623.png,glioma,glioma
1,Training/glioma/Tr-gl_626.png,glioma,glioma
1,Training/glioma/Tr-gl_63.png,glioma,glioma
1,Training/glioma/Tr-gl_638.png,glioma,glioma
1,Training/glioma/Tr-gl_639.png,glioma,glioma
1,Training/glioma/Tr-gl_640.png,glioma,glioma
1,Training/glioma/Tr-gl_645.png,glioma,glioma
1,Training/glioma/Tr-gl_654.png,glioma,meningioma
1,Training/glioma/Tr-gl_656.png,glioma,glioma
1,Training/glioma/Tr-gl_660.png,glioma,meningioma
1,Training/glioma/Tr-gl_664.png,glioma,glioma
1,Training/glioma/Tr-gl_677.png,glioma,meningioma
1,Training/glioma/Tr-gl_68.png,glioma,glioma
1,Training/glioma/Tr-gl_683.png,glioma,glioma
1,Training/glioma/Tr-gl_688.png,glioma,glioma
1,Training/glioma/Tr-gl_692.png,glioma,glioma
1,Training/glioma/Tr-gl_694.png,glioma,glioma
1,Training/glioma/Tr-gl_702.png,glioma,glioma
1,Training/glioma/Tr-gl_704.png,glioma,glioma
1,Training/glioma/Tr-gl_713.png,glioma,glioma
1,Training/glioma/Tr-gl_715.png,glioma,meningioma
1,Training/glioma/Tr-gl_723.png,glioma,glioma
1,Training/glioma/Tr-gl_726.png,glioma,glioma
1,Training/glioma/Tr-gl_732.png,glioma,meningioma
1,Training/glioma/Tr-gl_733.png,glioma,glioma
1,Training/glioma/Tr-gl_737.png,glioma,glioma
1,Training/glioma/Tr-gl_740.png,glioma,glioma
1,Training/glioma/Tr-gl_749.png,glioma,glioma
1,Training/glioma/Tr-gl_75.png,glioma,glioma
1,Training/glioma/Tr-gl_76.png,glioma,glioma
1,Training/glioma/Tr-gl_760.png,glioma,pituitary
1,Training/glioma/Tr-gl_763.png,glioma,glioma
1,Training/glioma/Tr-gl_764.png,glioma,glioma
1,Training/glioma/Tr-gl_776.png,glioma,glioma
1,Training/glioma/Tr-gl_781.png,glioma,glioma
1,Training/glioma/Tr-gl_786.png,glioma,meningioma
1,Training/glioma/Tr-gl_79.png,glioma,glioma
1,Training/glioma/Tr-gl_790.png,glioma,glioma
1,Training/glioma/Tr-gl_793.png,glioma,glioma
1,Training/glioma/Tr-gl_796.png,glioma,glioma
1,Training/glioma/Tr-gl_8.png,glioma,glioma
1,Training/glioma/Tr-gl_806.png,glioma,pituitary
1,Training/glioma/Tr-gl_807.png,glioma,glioma
1,Training/glioma/Tr-gl_816.png,glioma,meningioma
1,Training/glioma/Tr-gl_821.png,glioma,glioma
1,Training/glioma/Tr-gl_824.png,glioma,glioma
1,Training/glioma/Tr-gl_827.png,glioma,glioma
1,Training/glioma/Tr-gl_829.png,glioma,glioma
1,Training/glioma/Tr-gl_832.png,glioma,glioma
1,Training/glioma/Tr-gl_834.png,glioma,glioma
1,Training/glioma/Tr-gl_836.png,glioma,glioma
1,Training/glioma/Tr-gl_841.png,glioma,glioma
1,Training/glioma/Tr-gl_843.png,glioma,glioma
1,Training/glioma/Tr-gl_844.png,glioma,glioma
1,Training/glioma/Tr-gl_874.png,glioma,glioma
1,Training/glioma/Tr-gl_881.png,glioma,glioma
1,Training/glioma/Tr-gl_894.png,glioma,glioma
1,Training/glioma/Tr-gl_900.png,glioma,glioma
1,Training/glioma/Tr-gl_901.png,glioma,glioma
1,Training/glioma/Tr-gl_903.png,glioma,glioma
1,Training/glioma/Tr-gl_905.png,glioma,glioma
1,Training/glioma/Tr-gl_915.png,glioma,glioma
1,Training/glioma/Tr-gl_916.png,glioma,glioma
1,Training/glioma/Tr-gl_920.png,glioma,meningioma
1,Training/glioma/Tr-gl_922.png,glioma,glioma
1,Training/glioma/Tr-gl_933.png,glioma,glioma
1,Training/glioma/Tr-gl_935.png,glioma,glioma
1,Training/glioma/Tr-gl_936.png,glioma,meningioma
1,Training/glioma/Tr-gl_944.png,glioma,glioma
1,Training/glioma/Tr-gl_945.png,glioma,glioma
1,Training/glioma/Tr-gl_949.png,glioma,glioma
1,Training/glioma/Tr-gl_952.png,glioma,glioma
1,Training/glioma/Tr-gl_953.png,glioma,meningioma
1,Training/glioma/Tr-gl_958.png,glioma,pituitary
1,Training/glioma/Tr-gl_96.png,glioma,meningioma
1,Training/glioma/Tr-gl_968.png,glioma,glioma
1,Training/glioma/Tr-gl_975.png,glioma,glioma
1,Training/glioma/Tr-gl_976.png,glioma,meningioma
1,Training/glioma/Tr-gl_98.png,glioma,meningioma
1,Training/glioma/Tr-gl_987.png,glioma,meningioma
1,Training/glioma/Tr-gl_99.png,glioma,pituitary
1,Training/glioma/Tr-gl_993.png,glioma,glioma
1,Training/meningioma/Tr-aug-me_14.png,meningioma,meningioma
1,Training/meningioma/Tr-aug-me_16.png,meningioma,meningioma
1,Training/meningioma/Tr-aug-me_23.png,meningioma,meningioma
1,Training/meningioma/Tr-aug-me_24.png,meningioma,meningioma
1,Training/meningioma/Tr-aug-me_28.png,meningioma,meningioma
1,Training/meningioma/Tr-aug-me_4.png,meningioma,meningioma
1,Training/meningioma/Tr-aug-me_40.png,meningioma,meningioma
1,Training/meningioma/Tr-aug-me_5.png,meningioma,glioma
1,Training/meningioma/Tr-aug-me_51.png,meningioma,meningioma
1,Training/meningioma/Tr-aug-me_52.png,meningioma,meningioma
1,Training/meningioma/Tr-aug-me_58.png,meningioma,meningioma
1,Training/meningioma/Tr-aug-me_67.png,meningioma,meningioma
1,Training/meningioma/Tr-aug-me_68.png,meningioma,meningioma
1,Training/meningioma/Tr-aug-me_7.png,meningioma,meningioma
1,Training/meningioma/Tr-aug-me_73.png,meningioma,pituitary
1,Training/meningioma/Tr-aug-me_76.png,meningioma,meningioma
1,Training/meningioma/Tr-aug-me_79.png,meningioma,meningioma
1,Training/meningioma/Tr-aug-me_81.png,meningioma,notumor
1,Training/meningioma/Tr-aug-me_83.png,meningioma,meningioma
1,Training/meningioma/Tr-aug-me_85.png,meningioma,meningioma
1,Training/meningioma/Tr-aug-me_88.png,meningioma,meningioma
1,Training/meningioma/Tr-aug-me_95.png,meningioma,meningioma
1,Training/meningioma/Tr-me_1012.png,meningioma,meningioma
1,Training/meningioma/Tr-me_1013.png,meningioma,pituitary
1,Training/meningioma/Tr-me_1017.png,meningioma,glioma
1,Training/meningioma/Tr-me_1019.png,meningioma,glioma
1,Training/meningioma/Tr-me_103.png,meningioma,meningioma
1,Training/meningioma/Tr-me_1030.png,meningioma,meningioma
1,Training/meningioma/Tr-me_1032.png,meningioma,notumor
1,Training/meningioma/Tr-me_1035.png,meningioma,meningioma
1,Training/meningioma/Tr-me_1039.png,meningioma,meningioma
1,Training/meningioma/Tr-me_1040.png,meningioma,meningioma
1,Training/meningioma/Tr-me_1048.png,meningioma,meningioma
1,Training/meningioma/Tr-me_105.png,meningioma,meningioma
1,Training/meningioma/Tr-me_1050.png,meningioma,pituitary
1,Training/meningioma/Tr-me_1060.png,meningioma,meningioma
1,Training/meningioma/Tr-me_1063.png,meningioma,meningioma
1,Training/meningioma/Tr-me_1069.png,meningioma,meningioma
1,Training/meningioma/Tr-me_1070.png,meningioma,meningioma
1,Training/meningioma/Tr-me_1097.png,meningioma,meningioma
1,Training/meningioma/Tr-me_1099.png,meningioma,meningioma
1,Training/meningioma/Tr-me_1102.png,meningioma,meningioma
1,Training/meningioma/Tr-me_1104.png,meningioma,glioma
1,Training/meningioma/Tr-me_1118.png,meningioma,meningioma
1,Training/meningioma/Tr-me_112.png,meningioma,glioma
1,Training/meningioma/Tr-me_1127.png,meningioma,pituitary
1,Training/meningioma/Tr-me_1129.png,meningioma,pituitary
1,Training/meningioma/Tr-me_1130.png,meningioma,meningioma
1,Training/meningioma/Tr-me_1139.png,meningioma,meningioma
1,Training/meningioma/Tr-me_1158.png,meningioma,meningioma
1,Training/meningioma/Tr-me_1159.png,meningioma,meningioma
1,Training/meningioma/Tr-me_1164.png,meningioma,meningioma
1,Training/meningioma/Tr-me_1165.png,meningioma,meningioma
1,Training/meningioma/Tr-me_1167.png,meningioma,meningioma
1,Training/meningioma/Tr-me_1168.png,meningioma,notumor
1,Training/meningioma/Tr-me_1177.png,meningioma,meningioma
1,Training/meningioma/Tr-me_1178.png,meningioma,meningioma
1,Training/meningioma/Tr-me_1182.png,meningioma,meningioma
1,Training/meningioma/Tr-me_1184.png,meningioma,meningioma
1,Training/meningioma/Tr-me_119.png,meningioma,glioma
1,Training/meningioma/Tr-me_1191.png,meningioma,meningioma
1,Training/meningioma/Tr-me_1194.png,meningioma,notumor
1,Training/meningioma/Tr-me_1195.png,meningioma,meningioma
1,Training/meningioma/Tr-me_1198.png,meningioma,meningioma
1,Training/meningioma/Tr-me_1204.png,meningioma,meningioma
1,Training/meningioma/Tr-me_1207.png,meningioma,meningioma
1,Training/meningioma/Tr-me_1214.png,meningioma,meningioma
1,Training/meningioma/Tr-me_1215.png,meningioma,pituitary
1,Training/meningioma/Tr-me_1216.png,meningioma,meningioma
1,Training/meningioma/Tr-me_122.png,meningioma,meningioma
1,Training/meningioma/Tr-me_1223.png,meningioma,glioma
1,Training/meningioma/Tr-me_1225.png,meningioma,meningioma
1,Training/meningioma/Tr-me_1230.png,meningioma,meningioma
1,Training/meningioma/Tr-me_1244.png,meningioma,meningioma
1,Training/meningioma/Tr-me_1245.png,meningioma,meningioma
1,Training/meningioma/Tr-me_1246.png,meningioma,meningioma
1,Training/meningioma/Tr-me_1250.png,meningioma,meningioma
1,Training/meningioma/Tr-me_1254.png,meningioma,meningioma
1,Training/meningioma/Tr-me_1267.png,meningioma,pituitary
1,Training/meningioma/Tr-me_1270.png,meningioma,meningioma
1,Training/meningioma/Tr-me_1271.png,meningioma,meningioma
1,Training/meningioma/Tr-me_128.png,meningioma,meningioma
1,Training/meningioma/Tr-me_1284.png,meningioma,pituitary
1,Training/meningioma/Tr-me_1287.png,meningioma,meningioma
1,Training/meningioma/Tr-me_1288.png,meningioma,meningioma
1,Training/meningioma/Tr-me_1295.png,meningioma,meningioma
1,Training/meningioma/Tr-me_1296.png,meningioma,meningioma
1,Training/meningioma/Tr-me_1297.png,meningioma,pituitary
1,Training/meningioma/Tr-me_13.png,meningioma,meningioma
1,Training/meningioma/Tr-me_130.png,meningioma,meningioma
1,Training/meningioma/Tr-me_1300.png,meningioma,meningioma
1,Training/meningioma/Tr-me_14.png,meningioma,meningioma
1,Training/meningioma/Tr-me_144.png,meningioma,pituitary
1,Training/meningioma/Tr-me_147.png,meningioma,meningioma
1,Training/meningioma/Tr-me_148.png,meningioma,meningioma
1,Training/meningioma/Tr-me_153.png,meningioma,meningioma
1,Training/meningioma/Tr-me_157.png,meningioma,meningioma
1,Training/meningioma/Tr-me_159.png,meningioma,pituitary
1,Training/meningioma/Tr-me_161.png,meningioma,pituitary
1,Training/meningioma/Tr-me_169.png,meningioma,meningioma
1,Training/meningioma/Tr-me_170.png,meningioma,meningioma
1,Training/meningioma/Tr-me_175.png,meningioma,pituitary
1,Training/meningioma/Tr-me_186.png,meningioma,meningioma
1,Training/meningioma/Tr-me_188.png,meningioma,meningioma
1,Training/meningioma/Tr-me_19.png,meningioma,meningioma
1,Training/meningioma/Tr-me_190.png,meningioma,meningioma
1,Training/meningioma/Tr-me_191.png,meningioma,meningioma
1,Training/meningioma/Tr-me_193.png,meningioma,meningioma
1,Training/meningioma/Tr-me_197.png,meningioma,meningioma
1,Training/meningioma/Tr-me_20.png,meningioma,meningioma
1,Training/meningioma/Tr-me_200.png,meningioma,meningioma
1,Training/meningioma/Tr-me_203.png,meningioma,meningioma
1,Training/meningioma/Tr-me_217.png,meningioma,meningioma
1,Training/meningioma/Tr-me_219.png,meningioma,meningioma
1,Training/meningioma/Tr-me_224.png,meningioma,meningioma
1,Training/meningioma/Tr-me_228.png,meningioma,meningioma
1,Training/meningioma/Tr-me_23.png,meningioma,meningioma
1,Training/meningioma/Tr-me_230.png,meningioma,meningioma
1,Training/meningioma/Tr-me_231.png,meningioma,meningioma
1,Training/meningioma/Tr-me_233.png,meningioma,meningioma
1,Training/meningioma/Tr-me_244.png,meningioma,meningioma
1,Training/meningioma/Tr-me_247.png,meningioma,meningioma
1,Training/meningioma/Tr-me_249.png,meningioma,pituitary
1,Training/meningioma/Tr-me_250.png,meningioma,pituitary
1,Training/meningioma/Tr-me_253.png,meningioma,pituitary
1,Training/meningioma/Tr-me_254.png,meningioma,meningioma
1,Training/meningioma/Tr-me_26.png,meningioma,pituitary
1,Training/meningioma/Tr-me_262.png,meningioma,meningioma
1,Training/meningioma/Tr-me_264.png,meningioma,meningioma
1,Training/meningioma/Tr-me_281.png,meningioma,meningioma
1,Training/meningioma/Tr-me_283.png,meningioma,glioma
1,Training/meningioma/Tr-me_286.png,meningioma,meningioma
1,Training/meningioma/Tr-me_290.png,meningioma,meningioma
1,Training/meningioma/Tr-me_3.png,meningioma,meningioma
1,Training/meningioma/Tr-me_302.png,meningioma,glioma
1,Training/meningioma/Tr-me_308.png,meningioma,meningioma
1,Training/meningioma/Tr-me_31.png,meningioma,meningioma
1,Training/meningioma/Tr-me_311.png,meningioma,meningioma
1,Training/meningioma/Tr-me_312.png,meningioma,meningioma
1,Training/meningioma/Tr-me_32.png,meningioma,meningioma
1,Training/meningioma/Tr-me_322.png,meningioma,meningioma
1,Training/meningioma/Tr-me_333.png,meningioma,meningioma
1,Training/meningioma/Tr-me_342.png,meningioma,meningioma
1,Training/meningioma/Tr-me_345.png,meningioma,meningioma
1,Training/meningioma/Tr-me_366.png,meningioma,meningioma
1,Training/meningioma/Tr-me_367.png,meningioma,meningioma
1,Training/meningioma/Tr-me_368.png,meningioma,meningioma
1,Training/meningioma/Tr-me_371.png,meningioma,meningioma
1,Training/meningioma/Tr-me_375.png,meningioma,meningioma
1,Training/meningioma/Tr-me_383.png,meningioma,meningioma
1,Training/meningioma/Tr-me_385.png,meningioma,meningioma
1,Training/meningioma/Tr-me_386.png,meningioma,meningioma
1,Training/meningioma/Tr-me_391.png,meningioma,meningioma
1,Training/meningioma/Tr-me_395.png,meningioma,meningioma
1,Training/meningioma/Tr-me_398.png,meningioma,meningioma
1,Training/meningioma/Tr-me_402.png,meningioma,meningioma
1,Training/meningioma/Tr-me_404.png,meningioma,meningioma
1,Training/meningioma/Tr-me_415.png,meningioma,meningioma
1,Training/meningioma/Tr-me_426.png,meningioma,meningioma
1,Training/meningioma/Tr-me_428.png,meningioma,meningioma
1,Training/meningioma/Tr-me_430.png,meningioma,meningioma
1,Training/meningioma/Tr-me_440.png,meningioma,meningioma
1,Training/meningioma/Tr-me_448.png,meningioma,glioma
1,Training/meningioma/Tr-me_449.png,meningioma,meningioma
1,Training/meningioma/Tr-me_454.png,meningioma,meningioma
1,Training/meningioma/Tr-me_458.png,meningioma,meningioma
1,Training/meningioma/Tr-me_468.png,meningioma,glioma
1,Training/meningioma/Tr-me_469.png,meningioma,meningioma
1,Training/meningioma/Tr-me_477.png,meningioma,pituitary
1,Training/meningioma/Tr-me_481.png,meningioma,glioma
1,Training/meningioma/Tr-me_495.png,meningioma,pituitary
1,Training/meningioma/Tr-me_50.png,meningioma,meningioma
1,Training/meningioma/Tr-me_502.png,meningioma,meningioma
1,Training/meningioma/Tr-me_504.png,meningioma,meningioma
1,Training/meningioma/Tr-me_507.png,meningioma,glioma
1,Training/meningioma/Tr-me_518.png,meningioma,meningioma
1,Training/meningioma/Tr-me_523.png,meningioma,glioma
1,Training/meningioma/Tr-me_525.png,meningioma,meningioma
1,Training/meningioma/Tr-me_526.png,meningioma,meningioma
1,Training/meningioma/Tr-me_532.png,meningioma,meningioma
1,Training/meningioma/Tr-me_534.png,meningioma,meningioma
1,Training/meningioma/Tr-me_541.png,meningioma,meningioma
1,Training/meningioma/Tr-me_545.png,meningioma,meningioma
1,Training/meningioma/Tr-me_548.png,meningioma,meningioma
1,Training/meningioma/Tr-me_550.png,meningioma,pituitary
1,Training/meningioma/Tr-me_553.png,meningioma,notumor
1,Training/meningioma/Tr-me_554.png,meningioma,meningioma
1,Training/meningioma/Tr-me_561.png,meningioma,meningioma
1,Training/meningioma/Tr-me_564.png,meningioma,meningioma
1,Training/meningioma/Tr-me_566.png,meningioma,meningioma
1,Training/meningioma/Tr-me_569.png,meningioma,meningioma
1,Training/meningioma/Tr-me_570.png,meningioma,meningioma
1,Training/meningioma/Tr-me_571.png,meningioma,meningioma
1,Training/meningioma/Tr-me_574.png,meningioma,meningioma
1,Training/meningioma/Tr-me_585.png,meningioma,meningioma
1,Training/meningioma/Tr-me_590.png,meningioma,meningioma
1,Training/meningioma/Tr-me_591.png,meningioma,meningioma
1,Training/meningioma/Tr-me_594.png,meningioma,meningioma
1,Training/meningioma/Tr-me_595.png,meningioma,glioma
1,Training/meningioma/Tr-me_601.png,meningioma,meningioma
1,Training/meningioma/Tr-me_603.png,meningioma,meningioma
1,Training/meningioma/Tr-me_61.png,meningioma,meningioma
1,Training/meningioma/Tr-me_612.png,meningioma,glioma
1,Training/meningioma/Tr-me_622.png,meningioma,meningioma
1,Training/meningioma/Tr-me_623.png,meningioma,glioma
1,Training/meningioma/Tr-me_624.png,meningioma,meningioma
1,Training/meningioma/Tr-me_625.png,meningioma,meningioma
1,Training/meningioma/Tr-me_626.png,meningioma,meningioma
1,Training/meningioma/Tr-me_629.png,meningioma,meningioma
1,Training/meningioma/Tr-me_631.png,meningioma,pituitary
1,Training/meningioma/Tr-me_634.png,meningioma,glioma
1,Training/meningioma/Tr-me_653.png,meningioma,meningioma
1,Training/meningioma/Tr-me_662.png,meningioma,meningioma
1,Training/meningioma/Tr-me_671.png,meningioma,meningioma
1,Training/meningioma/Tr-me_678.png,meningioma,notumor
1,Training/meningioma/Tr-me_68.png,meningioma,meningioma
1,Training/meningioma/Tr-me_683.png,meningioma,meningioma
1,Training/meningioma/Tr-me_685.png,meningioma,glioma
1,Training/meningioma/Tr-me_7.png,meningioma,meningioma
1,Training/meningioma/Tr-me_703.png,meningioma,meningioma
1,Training/meningioma/Tr-me_715.png,meningioma,meningioma
1,Training/meningioma/Tr-me_718.png,meningioma,meningioma
1,Training/meningioma/Tr-me_72.png,meningioma,meningioma
1,Training/meningioma/Tr-me_724.png,meningioma,pituitary
1,Training/meningioma/Tr-me_726.png,meningioma,meningioma
1,Training/meningioma/Tr-me_727.png,meningioma,meningioma
1,Training/meningioma/Tr-me_728.png,meningioma,meningioma
1,Training/meningioma/Tr-me_73.png,meningioma,meningioma
1,Training/meningioma/Tr-me_731.png,meningioma,meningioma
1,Training/meningioma/Tr-me_734.png,meningioma,meningioma
1,Training/meningioma/Tr-me_735.png,meningioma,meningioma
1,Training/meningioma/Tr-me_736.png,meningioma,meningioma
1,Training/meningioma/Tr-me_747.png,meningioma,meningioma
1,Training/meningioma/Tr-me_749.png,meningioma,meningioma
1,Training/meningioma/Tr-me_752.png,meningioma,meningioma
1,Training/meningioma/Tr-me_755.png,meningioma,meningioma
1,Training/meningioma/Tr-me_756.png,meningioma,meningioma
1,Training/meningioma/Tr-me_761.png,meningioma,meningioma
1,Training/meningioma/Tr-me_769.png,meningioma,meningioma
1,Training/meningioma/Tr-me_778.png,meningioma,meningioma
1,Training/meningioma/Tr-me_784.png,meningioma,meningioma
1,Training/meningioma/Tr-me_790.png,meningioma,pituitary
1,Training/meningioma/Tr-me_793.png,meningioma,glioma
1,Training/meningioma/Tr-me_801.png,meningioma,meningioma
1,Training/meningioma/Tr-me_804.png,meningioma,meningioma
1,Training/meningioma/Tr-me_811.png,meningioma,meningioma
1,Training/meningioma/Tr-me_825.png,meningioma,meningioma
1,Training/meningioma/Tr-me_828.png,meningioma,pituitary
1,Training/meningioma/Tr-me_834.png,meningioma,meningioma
1,Training/meningioma/Tr-me_839.png,meningioma,meningioma
1,Training/meningioma/Tr-me_854.png,meningioma,meningioma
1,Training/meningioma/Tr-me_86.png,meningioma,meningioma
1,Training/meningioma/Tr-me_868.png,meningioma,meningioma
1,Training/meningioma/Tr-me_869.png,meningioma,meningioma
1,Training/meningioma/Tr-me_871.png,meningioma,pituitary
1,Training/meningioma/Tr-me_88.png,meningioma,meningioma
1,Training/meningioma/Tr-me_887.png,meningioma,pituitary
1,Training/meningioma/Tr-me_89.png,meningioma,meningioma
1,Training/meningioma/Tr-me_896.png,meningioma,pituitary
1,Training/meningioma/Tr-me_900.png,meningioma,meningioma
1,Training/meningioma/Tr-me_907.png,meningioma,meningioma
1,Training/meningioma/Tr-me_909.png,meningioma,meningioma
1,Training/meningioma/Tr-me_921.png,meningioma,meningioma
1,Training/meningioma/Tr-me_923.png,meningioma,meningioma
1,Training/meningioma/Tr-me_925.png,meningioma,meningioma
1,Training/meningioma/Tr-me_933.png,meningioma,meningioma
1,Training/meningioma/Tr-me_934.png,meningioma,meningioma
1,Training/meningioma/Tr-me_938.png,meningioma,pituitary
1,Training/meningioma/Tr-me_947.png,meningioma,meningioma
1,Training/meningioma/Tr-me_949.png,meningioma,pituitary
1,Training/meningioma/Tr-me_954.png,meningioma,meningioma
1,Training/meningioma/Tr-me_955.png,meningioma,meningioma
1,Training/meningioma/Tr-me_964.png,meningioma,pituitary
1,Training/meningioma/Tr-me_968.png,meningioma,meningioma
1,Training/meningioma/Tr-me_973.png,meningioma,meningioma
1,Training/meningioma/Tr-me_976.png,meningioma,meningioma
1,Training/meningioma/Tr-me_979.png,meningioma,meningioma
1,Training/meningioma/Tr-me_982.png,meningioma,meningioma
1,Training/meningioma/Tr-me_988.png,meningioma,meningioma
1,Training/meningioma/Tr-me_996.png,meningioma,pituitary
1,Training/notumor/Tr-no_100.png,notumor,notumor
1,Training/notumor/Tr-no_1002.png,notumor,notumor
1,Training/notumor/Tr-no_1007.png,notumor,glioma
1,Training/notumor/Tr-no_1013.png,notumor,notumor
1,Training/notumor/Tr-no_1018.png,notumor,notumor
1,Training/notumor/Tr-no_1021.png,notumor,notumor
1,Training/notumor/Tr-no_1023.png,notumor,notumor
1,Training/notumor/Tr-no_1025.png,notumor,notumor
1,Training/notumor/Tr-no_1026.png,notumor,notumor
1,Training/notumor/Tr-no_1032.png,notumor,notumor
1,Training/notumor/Tr-no_1038.png,notumor,notumor
1,Training/notumor/Tr-no_1049.png,notumor,notumor
1,Training/notumor/Tr-no_105.png,notumor,notumor
1,Training/notumor/Tr-no_1050.png,notumor,notumor
1,Training/notumor/Tr-no_1058.png,notumor,notumor
1,Training/notumor/Tr-no_1059.png,notumor,pituitary
1,Training/notumor/Tr-no_1060.png,notumor,notumor
1,Training/notumor/Tr-no_1062.png,notumor,notumor
1,Training/notumor/Tr-no_1064.png,notumor,notumor
1,Training/notumor/Tr-no_107.png,notumor,notumor
1,Training/notumor/Tr-no_1070.png,notumor,notumor
1,Training/notumor/Tr-no_1078.png,notumor,notumor
1,Training/notumor/Tr-no_1090.png,notumor,meningioma
1,Training/notumor/Tr-no_1092.png,notumor,notumor
1,Training/notumor/Tr-no_1093.png,notumor,notumor
1,Training/notumor/Tr-no_1096.png,notumor,notumor
1,Training/notumor/Tr-no_1098.png,notumor,notumor
1,Training/notumor/Tr-no_1103.png,notumor,notumor
1,Training/notumor/Tr-no_1119.png,notumor,notumor
1,Training/notumor/Tr-no_1123.png,notumor,notumor
1,Training/notumor/Tr-no_1125.png,notumor,notumor
1,Training/notumor/Tr-no_1126.png,notumor,notumor
1,Training/notumor/Tr-no_1131.png,notumor,notumor
1,Training/notumor/Tr-no_1134.png,notumor,notumor
1,Training/notumor/Tr-no_114.png,notumor,notumor
1,Training/notumor/Tr-no_1141.png,notumor,notumor
1,Training/notumor/Tr-no_1147.png,notumor,notumor
1,Training/notumor/Tr-no_1150.png,notumor,notumor
1,Training/notumor/Tr-no_1156.png,notumor,notumor
1,Training/notumor/Tr-no_1157.png,notumor,notumor
1,Training/notumor/Tr-no_1158.png,notumor,notumor
1,Training/notumor/Tr-no_116.png,notumor,notumor
1,Training/notumor/Tr-no_1160.png,notumor,notumor
1,Training/notumor/Tr-no_1161.png,notumor,notumor
1,Training/notumor/Tr-no_1162.png,notumor,notumor
1,Training/notumor/Tr-no_1163.png,notumor,notumor
1,Training/notumor/Tr-no_1164.png,notumor,notumor
1,Training/notumor/Tr-no_1173.png,notumor,notumor
1,Training/notumor/Tr-no_118.png,notumor,notumor
1,Training/notumor/Tr-no_1192.png,notumor,notumor
1,Training/notumor/Tr-no_1195.png,notumor,notumor
1,Training/notumor/Tr-no_1204.png,notumor,notumor
1,Training/notumor/Tr-no_1210.png,notumor,notumor
1,Training/notumor/Tr-no_1213.png,notumor,notumor
1,Training/notumor/Tr-no_1224.png,notumor,notumor
1,Training/notumor/Tr-no_1226.png,notumor,notumor
1,Training/notumor/Tr-no_1234.png,notumor,notumor
1,Training/notumor/Tr-no_1235.png,notumor,notumor
1,Training/notumor/Tr-no_124.png,notumor,notumor
1,Training/notumor/Tr-no_1245.png,notumor,notumor
1,Training/notumor/Tr-no_1249.png,notumor,notumor
1,Training/notumor/Tr-no_1256.png,notumor,notumor
1,Training/notumor/Tr-no_1259.png,notumor,notumor
1,Training/notumor/Tr-no_126.png,notumor,notumor
1,Training/notumor/Tr-no_1266.png,notumor,notumor
1,Training/notumor/Tr-no_1267.png,notumor,notumor
1,Training/notumor/Tr-no_127.png,notumor,notumor
1,Training/notumor/Tr-no_1270.png,notumor,notumor
1,Training/notumor/Tr-no_1272.png,notumor,notumor
1,Training/notumor/Tr-no_1276.png,notumor,notumor
1,Training/notumor/Tr-no_1279.png,notumor,notumor
1,Training/notumor/Tr-no_1285.png,notumor,glioma
1,Training/notumor/Tr-no_1287.png,notumor,notumor
1,Training/notumor/Tr-no_1289.png,notumor,notumor
1,Training/notumor/Tr-no_1293.png,notumor,notumor
1,Training/notumor/Tr-no_1295.png,notumor,notumor
1,Training/notumor/Tr-no_1297.png,notumor,notumor
1,Training/notumor/Tr-no_1305.png,notumor,notumor
1,Training/notumor/Tr-no_1318.png,notumor,glioma
1,Training/notumor/Tr-no_1319.png,notumor,notumor
1,Training/notumor/Tr-no_1320.png,notumor,notumor
1,Training/notumor/Tr-no_1321.png,notumor,notumor
1,Training/notumor/Tr-no_1324.png,notumor,notumor
1,Training/notumor/Tr-no_1327.png,notumor,notumor
1,Training/notumor/Tr-no_1329.png,notumor,notumor
1,Training/notumor/Tr-no_1339.png,notumor,notumor
1,Training/notumor/Tr-no_1344.png,notumor,notumor
1,Training/notumor/Tr-no_1358.png,notumor,notumor
1,Training/notumor/Tr-no_1359.png,notumor,notumor
1,Training/notumor/Tr-no_137.png,notumor,notumor
1,Training/notumor/Tr-no_138.png,notumor,notumor
1,Training/notumor/Tr-no_1382.png,notumor,notumor
1,Training/notumor/Tr-no_1387.png,notumor,notumor
1,Training/notumor/Tr-no_1391.png,notumor,notumor
1,Training/notumor/Tr-no_1393.png,notumor,notumor
1,Training/notumor/Tr-no_1394.png,notumor,notumor
1,Training/notumor/Tr-no_1397.png,notumor,notumor
1,Training/notumor/Tr-no_147.png,notumor,notumor
1,Training/notumor/Tr-no_168.png,notumor,notumor
1,Training/notumor/Tr-no_175.png,notumor,notumor
1,Training/notumor/Tr-no_176.png,notumor,notumor
1,Training/notumor/Tr-no_179.png,notumor,notumor
1,Training/notumor/Tr-no_18.png,notumor,notumor
1,Training/notumor/Tr-no_182.png,notumor,notumor
1,Training/notumor/Tr-no_184.png,notumor,notumor
1,Training/notumor/Tr-no_185.png,notumor,notumor
1,Training/notumor/Tr-no_190.png,notumor,notumor
1,Training/notumor/Tr-no_198.png,notumor,notumor
1,Training/notumor/Tr-no_204.png,notumor,notumor
1,Training/notumor/Tr-no_209.png,notumor,notumor
1,Training/notumor/Tr-no_21.png,notumor,notumor
1,Training/notumor/Tr-no_211.png,notumor,notumor
1,Training/notumor/Tr-no_23.png,notumor,notumor
1,Training/notumor/Tr-no_231.png,notumor,notumor
1,Training/notumor/Tr-no_247.png,notumor,meningioma
1,Training/notumor/Tr-no_255.png,notumor,notumor
1,Training/notumor/Tr-no_266.png,notumor,notumor
1,Training/notumor/Tr-no_267.png,notumor,notumor
1,Training/notumor/Tr-no_27.png,notumor,notumor
1,Training/notumor/Tr-no_276.png,notumor,notumor
1,Training/notumor/Tr-no_277.png,notumor,notumor
1,Training/notumor/Tr-no_280.png,notumor,notumor
1,Training/notumor/Tr-no_283.png,notumor,notumor
1,Training/notumor/Tr-no_284.png,notumor,notumor
1,Training/notumor/Tr-no_287.png,notumor,notumor
1,Training/notumor/Tr-no_293.png,notumor,notumor
1,Training/notumor/Tr-no_295.png,notumor,notumor
1,Training/notumor/Tr-no_296.png,notumor,notumor
1,Training/notumor/Tr-no_300.png,notumor,notumor
1,Training/notumor/Tr-no_307.png,notumor,pituitary
1,Training/notumor/Tr-no_309.png,notumor,notumor
1,Training/notumor/Tr-no_31.png,notumor,notumor
1,Training/notumor/Tr-no_310.png,notumor,notumor
1,Training/notumor/Tr-no_311.png,notumor,notumor
1,Training/notumor/Tr-no_317.png,notumor,notumor
1,Training/notumor/Tr-no_320.png,notumor,glioma
1,Training/notumor/Tr-no_325.png,notumor,notumor
1,Training/notumor/Tr-no_341.png,notumor,notumor
1,Training/notumor/Tr-no_345.png,notumor,notumor
1,Training/notumor/Tr-no_347.png,notumor,notumor
1,Training/notumor/Tr-no_352.png,notumor,notumor
1,Training/notumor/Tr-no_353.png,notumor,notumor
1,Training/notumor/Tr-no_36.png,notumor,notumor
1,Training/notumor/Tr-no_366.png,notumor,notumor
1,Training/notumor/Tr-no_369.png,notumor,notumor
1,Training/notumor/Tr-no_370.png,notumor,notumor
1,Training/notumor/Tr-no_372.png,notumor,notumor
1,Training/notumor/Tr-no_374.png,notumor,notumor
1,Training/notumor/Tr-no_382.png,notumor,notumor
1,Training/notumor/Tr-no_386.png,notumor,notumor
1,Training/notumor/Tr-no_389.png,notumor,notumor
1,Training/notumor/Tr-no_393.png,notumor,notumor
1,Training/notumor/Tr-no_394.png,notumor,notumor
1,Training/notumor/Tr-no_395.png,notumor,notumor
1,Training/notumor/Tr-no_40.png,notumor,notumor
1,Training/notumor/Tr-no_400.png,notumor,notumor
1,Training/notumor/Tr-no_406.png,notumor,notumor
1,Training/notumor/Tr-no_41.png,notumor,notumor
1,Training/notumor/Tr-no_417.png,notumor,notumor
1,Training/notumor/Tr-no_42.png,notumor,notumor
1,Training/notumor/Tr-no_422.png,notumor,notumor
1,Training/notumor/Tr-no_437.png,notumor,notumor
1,Training/notumor/Tr-no_442.png,notumor,notumor
1,Training/notumor/Tr-no_445.png,notumor,notumor
1,Training/notumor/Tr-no_462.png,notumor,notumor
1,Training/notumor/Tr-no_465.png,notumor,notumor
1,Training/notumor/Tr-no_466.png,notumor,notumor
1,Training/notumor/Tr-no_469.png,notumor,notumor
1,Training/notumor/Tr-no_472.png,notumor,notumor
1,Training/notumor/Tr-no_474.png,notumor,notumor
1,Training/notumor/Tr-no_48.png,notumor,notumor
1,Training/notumor/Tr-no_481.png,notumor,notumor
1,Training/notumor/Tr-no_487.png,notumor,meningioma
1,Training/notumor/Tr-no_493.png,notumor,notumor
1,Training/notumor/Tr-no_501.png,notumor,notumor
1,Training/notumor/Tr-no_503.png,notumor,notumor
1,Training/notumor/Tr-no_508.png,notumor,notumor
1,Training/notumor/Tr-no_519.png,notumor,notumor
1,Training/notumor/Tr-no_522.png,notumor,meningioma
1,Training/notumor/Tr-no_523.png,notumor,notumor
1,Training/notumor/Tr-no_529.png,notumor,notumor
1,Training/notumor/Tr-no_539.png,notumor,notumor
1,Training/notumor/Tr-no_541.png,notumor,notumor
1,Training/notumor/Tr-no_542.png,notumor,notumor
1,Training/notumor/Tr-no_551.png,notumor,notumor
1,Training/notumor/Tr-no_557.png,notumor,notumor
1,Training/notumor/Tr-no_558.png,notumor,notumor
1,Training/notumor/Tr-no_564.png,notumor,notumor
1,Training/notumor/Tr-no_565.png,notumor,notumor
1,Training/notumor/Tr-no_569.png,notumor,notumor
1,Training/notumor/Tr-no_570.png,notumor,notumor
1,Training/notumor/Tr-no_571.png,notumor,notumor
1,Training/notumor/Tr-no_572.png,notumor,notumor
1,Training/notumor/Tr-no_587.png,notumor,notumor
1,Training/notumor/Tr-no_59.png,notumor,notumor
1,Training/notumor/Tr-no_595.png,notumor,notumor
1,Training/notumor/Tr-no_599.png,notumor,notumor
1,Training/notumor/Tr-no_603.png,notumor,notumor
1,Training/notumor/Tr-no_625.png,notumor,notumor
1,Training/notumor/Tr-no_626.png,notumor,notumor
1,Training/notumor/Tr-no_628.png,notumor,notumor
1,Training/notumor/Tr-no_63.png,notumor,notumor
1,Training/notumor/Tr-no_634.png,notumor,notumor
1,Training/notumor/Tr-no_635.png,notumor,notumor
1,Training/notumor/Tr-no_641.png,notumor,notumor
1,Training/notumor/Tr-no_642.png,notumor,notumor
1,Training/notumor/Tr-no_645.png,notumor,notumor
1,Training/notumor/Tr-no_648.png,notumor,notumor
1,Training/notumor/Tr-no_651.png,notumor,notumor
1,Training/notumor/Tr-no_653.png,notumor,notumor
1,Training/notumor/Tr-no_658.png,notumor,notumor
1,Training/notumor/Tr-no_662.png,notumor,notumor
1,Training/notumor/Tr-no_672.png,notumor,notumor
1,Training/notumor/Tr-no_678.png,notumor,notumor
1,Training/notumor/Tr-no_684.png,notumor,notumor
1,Training/notumor/Tr-no_686.png,notumor,meningioma
1,Training/notumor/Tr-no_687.png,notumor,notumor
1,Training/notumor/Tr-no_690.png,notumor,notumor
1,Training/notumor/Tr-no_692.png,notumor,notumor
1,Training/notumor/Tr-no_696.png,notumor,notumor
1,Training/notumor/Tr-no_699.png,notumor,notumor
1,Training/notumor/Tr-no_709.png,notumor,notumor
1,Training/notumor/Tr-no_71.png,notumor,notumor
1,Training/notumor/Tr-no_728.png,notumor,notumor
1,Training/notumor/Tr-no_733.png,notumor,notumor
1,Training/notumor/Tr-no_735.png,notumor,notumor
1,Training/notumor/Tr-no_74.png,notumor,notumor
1,Training/notumor/Tr-no_744.png,notumor,notumor
1,Training/notumor/Tr-no_755.png,notumor,notumor
1,Training/notumor/Tr-no_762.png,notumor,notumor
1,Training/notumor/Tr-no_767.png,notumor,notumor
1,Training/notumor/Tr-no_773.png,notumor,notumor
1,Training/notumor/Tr-no_776.png,notumor,notumor
1,Training/notumor/Tr-no_78.png,notumor,meningioma
1,Training/notumor/Tr-no_780.png,notumor,notumor
1,Training/notumor/Tr-no_783.png,notumor,notumor
1,Training/notumor/Tr-no_787.png,notumor,notumor
1,Training/notumor/Tr-no_790.png,notumor,notumor
1,Training/notumor/Tr-no_813.png,notumor,notumor
1,Training/notumor/Tr-no_815.png,notumor,notumor
1,Training/notumor/Tr-no_819.png,notumor,notumor
1,Training/notumor/Tr-no_836.png,notumor,notumor
1,Training/notumor/Tr-no_840.png,notumor,notumor
1,Training/notumor/Tr-no_843.png,notumor,notumor
1,Training/notumor/Tr-no_844.png,notumor,notumor
1,Training/notumor/Tr-no_852.png,notumor,notumor
1,Training/notumor/Tr-no_857.png,notumor,notumor
1,Training/notumor/Tr-no_86.png,notumor,notumor
1,Training/notumor/Tr-no_869.png,notumor,notumor
1,Training/notumor/Tr-no_871.png,notumor,meningioma
1,Training/notumor/Tr-no_875.png,notumor,notumor
1,Training/notumor/Tr-no_876.png,notumor,notumor
1,Training/notumor/Tr-no_877.png,notumor,notumor
1,Training/notumor/Tr-no_880.png,notumor,notumor
1,Training/notumor/Tr-no_884.png,notumor,notumor
1,Training/notumor/Tr-no_891.png,notumor,notumor
1,Training/notumor/Tr-no_894.png,notumor,meningioma
1,Training/notumor/Tr-no_9.png,notumor,notumor
1,Training/notumor/Tr-no_901.png,notumor,notumor
1,Training/notumor/Tr-no_903.png,notumor,notumor
1,Training/notumor/Tr-no_912.png,notumor,notumor
1,Training/notumor/Tr-no_914.png,notumor,notumor
1,Training/notumor/Tr-no_92.png,notumor,notumor
1,Training/notumor/Tr-no_921.png,notumor,notumor
1,Training/notumor/Tr-no_922.png,notumor,notumor
1,Training/notumor/Tr-no_927.png,notumor,notumor
1,Training/notumor/Tr-no_939.png,notumor,notumor
1,Training/notumor/Tr-no_946.png,notumor,notumor
1,Training/notumor/Tr-no_949.png,notumor,notumor
1,Training/notumor/Tr-no_950.png,notumor,notumor
1,Training/notumor/Tr-no_961.png,notumor,notumor
1,Training/notumor/Tr-no_967.png,notumor,notumor
1,Training/notumor/Tr-no_970.png,notumor,glioma
1,Training/notumor/Tr-no_971.png,notumor,notumor
1,Training/notumor/Tr-no_980.png,notumor,notumor
1,Training/notumor/Tr-no_985.png,notumor,notumor
1,Training/notumor/Tr-no_989.png,notumor,notumor
1,Training/notumor/Tr-no_994.png,notumor,notumor
1,Training/notumor/Tr-no_995.png,notumor,notumor
1,Training/notumor/Tr-no_998.png,notumor,glioma
1,Training/pituitary/Tr-pi_1000.png,pituitary,pituitary
1,Training/pituitary/Tr-pi_1003.png,pituitary,pituitary
1,Training/pituitary/Tr-pi_1009.png,pituitary,pituitary
1,Training/pituitary/Tr-pi_101.png,pituitary,pituitary
1,Training/pituitary/Tr-pi_1011.png,pituitary,pituitary
1,Training/pituitary/Tr-pi_1015.png,pituitary,glioma
1,Training/pituitary/Tr-pi_1019.png,pituitary,pituitary
1,Training/pituitary/Tr-pi_102.png,pituitary,meningioma
1,Training/pituitary/Tr-pi_1032.png,pituitary,pituitary
1,Training/pituitary/Tr-pi_104.png,pituitary,pituitary
1,Training/pituitary/Tr-pi_1045.png,pituitary,pituitary
1,Training/pituitary/Tr-pi_1048.png,pituitary,pituitary
1,Training/pituitary/Tr-pi_1049.png,pituitary,notumor
1,Training/pituitary/Tr-pi_1051.png,pituitary,pituitary
1,Training/pituitary/Tr-pi_1056.png,pituitary,pituitary
1,Training/pituitary/Tr-pi_107.png,pituitary,pituitary
1,Training/pituitary/Tr-pi_1073.png,pituitary,pituitary
1,Training/pituitary/Tr-pi_1075.png,pituitary,pituitary
1,Training/pituitary/Tr-pi_1079.png,pituitary,pituitary
1,Training/pituitary/Tr-pi_1085.png,pituitary,pituitary
1,Training/pituitary/Tr-pi_1093.png,pituitary,pituitary
1,Training/pituitary/Tr-pi_1094.png,pituitary,pituitary
1,Training/pituitary/Tr-pi_1095.png,pituitary,pituitary
1,Training/pituitary/Tr-pi_1099.png,pituitary,pituitary
1,Training/pituitary/Tr-pi_110.png,pituitary,pituitary
1,Training/pituitary/Tr-pi_1103.png,pituitary,pituitary
1,Training/pituitary/Tr-pi_1104.png,pituitary,pituitary
1,Training/pituitary/Tr-pi_1107.png,pituitary,pituitary
1,Training/pituitary/Tr-pi_1112.png,pituitary,pituitary
1,Training/pituitary/Tr-pi_1123.png,pituitary,pituitary
1,Training/pituitary/Tr-pi_1130.png,pituitary,pituitary
1,Training/pituitary/Tr-pi_1132.png,pituitary,pituitary
1,Training/pituitary/Tr-pi_1136.png,pituitary,pituitary
1,Training/pituitary/Tr-pi_1139.png,pituitary,pituitary
1,Training/pituitary/Tr-pi_114.png,pituitary,pituitary
1,Training/pituitary/Tr-pi_1146.png,pituitary,pituitary
1,Training/pituitary/Tr-pi_1149.png,pituitary,pituitary
1,Training/pituitary/Tr-pi_1156.png,pituitary,pituitary
1,Training/pituitary/Tr-pi_1166.png,pituitary,pituitary
1,Training/pituitary/Tr-pi_1172.png,pituitary,pituitary
1,Training/pituitary/Tr-pi_118.png,pituitary,pituitary
1,Training/pituitary/Tr-pi_1186.png,pituitary,pituitary
1,Training/pituitary/Tr-pi_1188.png,pituitary,pituitary
1,Training/pituitary/Tr-pi_119.png,pituitary,pituitary
1,Training/pituitary/Tr-pi_1196.png,pituitary,pituitary
1,Training/pituitary/Tr-pi_120.png,pituitary,pituitary
1,Training/pituitary/Tr-pi_1208.png,pituitary,glioma
1,Training/pituitary/Tr-pi_1219.png,pituitary,pituitary
1,Training/pituitary/Tr-pi_1222.png,pituitary,pituitary
1,Training/pituitary/Tr-pi_1226.png,pituitary,pituitary
1,Training/pituitary/Tr-pi_1227.png,pituitary,pituitary
1,Training/pituitary/Tr-pi_1231.png,pituitary,pituitary
1,Training/pituitary/Tr-pi_1232.png,pituitary,pituitary
1,Training/pituitary/Tr-pi_1240.png,pituitary,pituitary
1,Training/pituitary/Tr-pi_1244.png,pituitary,pituitary
1,Training/pituitary/Tr-pi_1249.png,pituitary,pituitary
1,Training/pituitary/Tr-pi_1260.png,pituitary,pituitary
1,Training/pituitary/Tr-pi_1266.png,pituitary,pituitary
1,Training/pituitary/Tr-pi_1276.png,pituitary,pituitary
1,Training/pituitary/Tr-pi_1287.png,pituitary,pituitary
1,Training/pituitary/Tr-pi_1296.png,pituitary,pituitary
1,Training/pituitary/Tr-pi_1303.png,pituitary,pituitary
1,Training/pituitary/Tr-pi_1306.png,pituitary,pituitary
1,Training/pituitary/Tr-pi_1307.png,pituitary,pituitary
1,Training/pituitary/Tr-pi_1316.png,pituitary,pituitary
1,Training/pituitary/Tr-pi_1321.png,pituitary,pituitary
1,Training/pituitary/Tr-pi_1324.png,pituitary,pituitary
1,Training/pituitary/Tr-pi_1325.png,pituitary,pituitary
1,Training/pituitary/Tr-pi_1327.png,pituitary,pituitary
1,Training/pituitary/Tr-pi_1343.png,pituitary,pituitary
1,Training/pituitary/Tr-pi_1354.png,pituitary,pituitary
1,Training/pituitary/Tr-pi_1356.png,pituitary,pituitary
1,Training/pituitary/Tr-pi_137.png,pituitary,pituitary
1,Training/pituitary/Tr-pi_1372.png,pituitary,pituitary
1,Training/pituitary/Tr-pi_1374.png,pituitary,glioma
1,Training/pituitary/Tr-pi_1377.png,pituitary,pituitary
1,Training/pituitary/Tr-pi_1379.png,pituitary,pituitary
1,Training/pituitary/Tr-pi_1388.png,pituitary,pituitary
1,Training/pituitary/Tr-pi_1397.png,pituitary,pituitary
1,Training/pituitary/Tr-pi_1399.png,pituitary,pituitary
1,Training/pituitary/Tr-pi_148.png,pituitary,pituitary
1,Training/pituitary/Tr-pi_149.png,pituitary,pituitary
1,Training/pituitary/Tr-pi_150.png,pituitary,pituitary
1,Training/pituitary/Tr-pi_151.png,pituitary,pituitary
1,Training/pituitary/Tr-pi_157.png,pituitary,pituitary
1,Training/pituitary/Tr-pi_162.png,pituitary,pituitary
1,Training/pituitary/Tr-pi_174.png,pituitary,pituitary
1,Training/pituitary/Tr-pi_189.png,pituitary,glioma
1,Training/pituitary/Tr-pi_191.png,pituitary,pituitary
1,Training/pituitary/Tr-pi_197.png,pituitary,pituitary
1,Training/pituitary/Tr-pi_2.png,pituitary,pituitary
1,Training/pituitary/Tr-pi_212.png,pituitary,pituitary
1,Training/pituitary/Tr-pi_217.png,pituitary,pituitary
1,Training/pituitary/Tr-pi_228.png,pituitary,pituitary
1,Training/pituitary/Tr-pi_229.png,pituitary,pituitary
1,Training/pituitary/Tr-pi_230.png,pituitary,pituitary
1,Training/pituitary/Tr-pi_237.png,pituitary,pituitary
1,Training/pituitary/Tr-pi_241.png,pituitary,pituitary
1,Training/pituitary/Tr-pi_247.png,pituitary,pituitary
1,Training/pituitary/Tr-pi_248.png,pituitary,pituitary
1,Training/pituitary/Tr-pi_25.png,pituitary,pituitary
1,Training/pituitary/Tr-pi_267.png,pituitary,pituitary
1,Training/pituitary/Tr-pi_269.png,pituitary,pituitary
1,Training/pituitary/Tr-pi_27.png,pituitary,pituitary
1,Training/pituitary/Tr-pi_270.png,pituitary,pituitary
1,Training/pituitary/Tr-pi_273.png,pituitary,pituitary
1,Training/pituitary/Tr-pi_274.png,pituitary,pituitary
1,Training/pituitary/Tr-pi_278.png,pituitary,pituitary
1,Training/pituitary/Tr-pi_283.png,pituitary,pituitary
1,Training/pituitary/Tr-pi_286.png,pituitary,pituitary
1,Training/pituitary/Tr-pi_288.png,pituitary,pituitary
1,Training/pituitary/Tr-pi_296.png,pituitary,pituitary
1,Training/pituitary/Tr-pi_3.png,pituitary,pituitary
1,Training/pituitary/Tr-pi_313.png,pituitary,meningioma
1,Training/pituitary/Tr-pi_314.png,pituitary,pituitary
1,Training/pituitary/Tr-pi_315.png,pituitary,pituitary
1,Training/pituitary/Tr-pi_322.png,pituitary,meningioma
1,Training/pituitary/Tr-pi_325.png,pituitary,pituitary
1,Training/pituitary/Tr-pi_334.png,pituitary,pituitary
1,Training/pituitary/Tr-pi_336.png,pituitary,pituitary
1,Training/pituitary/Tr-pi_350.png,pituitary,glioma
1,Training/pituitary/Tr-pi_351.png,pituitary,pituitary
1,Training/pituitary/Tr-pi_356.png,pituitary,pituitary
1,Training/pituitary/Tr-pi_360.png,pituitary,pituitary
1,Training/pituitary/Tr-pi_363.png,pituitary,pituitary
1,Training/pituitary/Tr-pi_364.png,pituitary,pituitary
1,Training/pituitary/Tr-pi_378.png,pituitary,pituitary
1,Training/pituitary/Tr-pi_381.png,pituitary,pituitary
1,Training/pituitary/Tr-pi_383.png,pituitary,pituitary
1,Training/pituitary/Tr-pi_39.png,pituitary,pituitary
1,Training/pituitary/Tr-pi_398.png,pituitary,pituitary
1,Training/pituitary/Tr-pi_401.png,pituitary,pituitary
1,Training/pituitary/Tr-pi_403.png,pituitary,pituitary
1,Training/pituitary/Tr-pi_409.png,pituitary,pituitary
1,Training/pituitary/Tr-pi_410.png,pituitary,pituitary
1,Training/pituitary/Tr-pi_413.png,pituitary,pituitary
1,Training/pituitary/Tr-pi_414.png,pituitary,pituitary
1,Training/pituitary/Tr-pi_417.png,pituitary,pituitary
1,Training/pituitary/Tr-pi_419.png,pituitary,pituitary
1,Training/pituitary/Tr-pi_420.png,pituitary,pituitary
1,Training/pituitary/Tr-pi_423.png,pituitary,pituitary
1,Training/pituitary/Tr-pi_425.png,pituitary,pituitary
1,Training/pituitary/Tr-pi_43.png,pituitary,pituitary
1,Training/pituitary/Tr-pi_432.png,pituitary,pituitary
1,Training/pituitary/Tr-pi_436.png,pituitary,pituitary
1,Training/pituitary/Tr-pi_44.png,pituitary,pituitary
1,Training/pituitary/Tr-pi_443.png,pituitary,pituitary
1,Training/pituitary/Tr-pi_449.png,pituitary,pituitary
1,Training/pituitary/Tr-pi_451.png,pituitary,pituitary
1,Training/pituitary/Tr-pi_454.png,pituitary,pituitary
1,Training/pituitary/Tr-pi_459.png,pituitary,pituitary
1,Training/pituitary/Tr-pi_46.png,pituitary,pituitary
1,Training/pituitary/Tr-pi_464.png,pituitary,pituitary
1,Training/pituitary/Tr-pi_465.png,pituitary,pituitary
1,Training/pituitary/Tr-pi_467.png,pituitary,pituitary
1,Training/pituitary/Tr-pi_470.png,pituitary,pituitary
1,Training/pituitary/Tr-pi_473.png,pituitary,pituitary
1,Training/pituitary/Tr-pi_475.png,pituitary,pituitary
1,Training/pituitary/Tr-pi_484.png,pituitary,pituitary
1,Training/pituitary/Tr-pi_486.png,pituitary,pituitary
1,Training/pituitary/Tr-pi_487.png,pituitary,pituitary
1,Training/pituitary/Tr-pi_490.png,pituitary,pituitary
1,Training/pituitary/Tr-pi_492.png,pituitary,pituitary
1,Training/pituitary/Tr-pi_494.png,pituitary,pituitary
1,Training/pituitary/Tr-pi_497.png,pituitary,pituitary
1,Training/pituitary/Tr-pi_498.png,pituitary,pituitary
1,Training/pituitary/Tr-pi_50.png,pituitary,pituitary
1,Training/pituitary/Tr-pi_505.png,pituitary,pituitary
1,Training/pituitary/Tr-pi_510.png,pituitary,pituitary
1,Training/pituitary/Tr-pi_517.png,pituitary,pituitary
1,Training/pituitary/Tr-pi_523.png,pituitary,pituitary
1,Training/pituitary/Tr-pi_532.png,pituitary,pituitary
1,Training/pituitary/Tr-pi_535.png,pituitary,pituitary
1,Training/pituitary/Tr-pi_538.png,pituitary,pituitary
1,Training/pituitary/Tr-pi_54.png,pituitary,pituitary
1,Training/pituitary/Tr-pi_540.png,pituitary,pituitary
1,Training/pituitary/Tr-pi_541.png,pituitary,meningioma
1,Training/pituitary/Tr-pi_545.png,pituitary,pituitary
1,Training/pituitary/Tr-pi_546.png,pituitary,pituitary
1,Training/pituitary/Tr-pi_549.png,pituitary,pituitary
1,Training/pituitary/Tr-pi_552.png,pituitary,pituitary
1,Training/pituitary/Tr-pi_559.png,pituitary,pituitary
1,Training/pituitary/Tr-pi_56.png,pituitary,pituitary
1,Training/pituitary/Tr-pi_561.png,pituitary,pituitary
1,Training/pituitary/Tr-pi_571.png,pituitary,pituitary
1,Training/pituitary/Tr-pi_572.png,pituitary,pituitary
1,Training/pituitary/Tr-pi_573.png,pituitary,pituitary
1,Training/pituitary/Tr-pi_574.png,pituitary,pituitary
1,Training/pituitary/Tr-pi_578.png,pituitary,pituitary
1,Training/pituitary/Tr-pi_583.png,pituitary,pituitary
1,Training/pituitary/Tr-pi_587.png,pituitary,pituitary
1,Training/pituitary/Tr-pi_60.png,pituitary,pituitary
1,Training/pituitary/Tr-pi_601.png,pituitary,pituitary
1,Training/pituitary/Tr-pi_606.png,pituitary,pituitary
1,Training/pituitary/Tr-pi_614.png,pituitary,pituitary
1,Training/pituitary/Tr-pi_62.png,pituitary,pituitary
1,Training/pituitary/Tr-pi_621.png,pituitary,pituitary
1,Training/pituitary/Tr-pi_625.png,pituitary,pituitary
1,Training/pituitary/Tr-pi_629.png,pituitary,pituitary
1,Training/pituitary/Tr-pi_63.png,pituitary,pituitary
1,Training/pituitary/Tr-pi_638.png,pituitary,pituitary
1,Training/pituitary/Tr-pi_646.png,pituitary,pituitary
1,Training/pituitary/Tr-pi_647.png,pituitary,pituitary
1,Training/pituitary/Tr-pi_648.png,pituitary,glioma
1,Training/pituitary/Tr-pi_651.png,pituitary,pituitary
1,Training/pituitary/Tr-pi_658.png,pituitary,pituitary
1,Training/pituitary/Tr-pi_660.png,pituitary,meningioma
1,Training/pituitary/Tr-pi_663.png,pituitary,pituitary
1,Training/pituitary/Tr-pi_665.png,pituitary,pituitary
1,Training/pituitary/Tr-pi_668.png,pituitary,pituitary
1,Training/pituitary/Tr-pi_679.png,pituitary,meningioma
1,Training/pituitary/Tr-pi_688.png,pituitary,pituitary
1,Training/pituitary/Tr-pi_691.png,pituitary,pituitary
1,Training/pituitary/Tr-pi_692.png,pituitary,pituitary
1,Training/pituitary/Tr-pi_693.png,pituitary,pituitary
1,Training/pituitary/Tr-pi_696.png,pituitary,pituitary
1,Training/pituitary/Tr-pi_705.png,pituitary,pituitary
1,Training/pituitary/Tr-pi_706.png,pituitary,pituitary
1,Training/pituitary/Tr-pi_715.png,pituitary,pituitary
1,Training/pituitary/Tr-pi_722.png,pituitary,pituitary
1,Training/pituitary/Tr-pi_741.png,pituitary,pituitary
1,Training/pituitary/Tr-pi_742.png,pituitary,pituitary
1,Training/pituitary/Tr-pi_752.png,pituitary,pituitary
1,Training/pituitary/Tr-pi_757.png,pituitary,pituitary
1,Training/pituitary/Tr-pi_760.png,pituitary,pituitary
1,Training/pituitary/Tr-pi_77.png,pituitary,pituitary
1,Training/pituitary/Tr-pi_776.png,pituitary,glioma
1,Training/pituitary/Tr-pi_777.png,pituitary,pituitary
1,Training/pituitary/Tr-pi_779.png,pituitary,pituitary
1,Training/pituitary/Tr-pi_781.png,pituitary,pituitary
1,Training/pituitary/Tr-pi_787.png,pituitary,pituitary
1,Training/pituitary/Tr-pi_790.png,pituitary,pituitary
1,Training/pituitary/Tr-pi_793.png,pituitary,pituitary
1,Training/pituitary/Tr-pi_798.png,pituitary,pituitary
1,Training/pituitary/Tr-pi_801.png,pituitary,pituitary
1,Training/pituitary/Tr-pi_804.png,pituitary,pituitary
1,Training/pituitary/Tr-pi_82.png,pituitary,pituitary
1,Training/pituitary/Tr-pi_824.png,pituitary,pituitary
1,Training/pituitary/Tr-pi_825.png,pituitary,pituitary
1,Training/pituitary/Tr-pi_827.png,pituitary,glioma
1,Training/pituitary/Tr-pi_832.png,pituitary,pituitary
1,Training/pituitary/Tr-pi_833.png,pituitary,pituitary
1,Training/pituitary/Tr-pi_839.png,pituitary,pituitary
1,Training/pituitary/Tr-pi_840.png,pituitary,pituitary
1,Training/pituitary/Tr-pi_841.png,pituitary,pituitary
1,Training/pituitary/Tr-pi_842.png,pituitary,pituitary
1,Training/pituitary/Tr-pi_845.png,pituitary,pituitary
1,Training/pituitary/Tr-pi_849.png,pituitary,pituitary
1,Training/pituitary/Tr-pi_850.png,pituitary,pituitary
1,Training/pituitary/Tr-pi_851.png,pituitary,pituitary
1,Training/pituitary/Tr-pi_857.png,pituitary,pituitary
1,Training/pituitary/Tr-pi_858.png,pituitary,pituitary
1,Training/pituitary/Tr-pi_860.png,pituitary,pituitary
1,Training/pituitary/Tr-pi_861.png,pituitary,pituitary
1,Training/pituitary/Tr-pi_865.png,pituitary,pituitary
1,Training/pituitary/Tr-pi_871.png,pituitary,pituitary
1,Training/pituitary/Tr-pi_893.png,pituitary,pituitary
1,Training/pituitary/Tr-pi_895.png,pituitary,pituitary
1,Training/pituitary/Tr-pi_896.png,pituitary,pituitary
1,Training/pituitary/Tr-pi_900.png,pituitary,pituitary
1,Training/pituitary/Tr-pi_903.png,pituitary,pituitary
1,Training/pituitary/Tr-pi_907.png,pituitary,pituitary
1,Training/pituitary/Tr-pi_914.png,pituitary,pituitary
1,Training/pituitary/Tr-pi_915.png,pituitary,pituitary
1,Training/pituitary/Tr-pi_917.png,pituitary,pituitary
1,Training/pituitary/Tr-pi_920.png,pituitary,pituitary
1,Training/pituitary/Tr-pi_921.png,pituitary,pituitary
1,Training/pituitary/Tr-pi_923.png,pituitary,pituitary
1,Training/pituitary/Tr-pi_93.png,pituitary,pituitary
1,Training/pituitary/Tr-pi_930.png,pituitary,pituitary
1,Training/pituitary/Tr-pi_937.png,pituitary,pituitary
1,Training/pituitary/Tr-pi_944.png,pituitary,pituitary
1,Training/pituitary/Tr-pi_947.png,pituitary,pituitary
1,Training/pituitary/Tr-pi_948.png,pituitary,pituitary
1,Training/pituitary/Tr-pi_954.png,pituitary,pituitary
1,Training/pituitary/Tr-pi_955.png,pituitary,pituitary
1,Training/pituitary/Tr-pi_960.png,pituitary,meningioma
1,Training/pituitary/Tr-pi_986.png,pituitary,pituitary
1,Training/pituitary/Tr-pi_995.png,pituitary,pituitary
1,Training/pituitary/Tr-pi_996.png,pituitary,pituitary
2,Training/glioma/Tr-gl_1000.png,glioma,glioma
2,Training/glioma/Tr-gl_1006.png,glioma,glioma
2,Training/glioma/Tr-gl_1010.png,glioma,glioma
2,Training/glioma/Tr-gl_1011.png,glioma,glioma
2,Training/glioma/Tr-gl_1012.png,glioma,glioma
2,Training/glioma/Tr-gl_1024.png,glioma,glioma
2,Training/glioma/Tr-gl_1026.png,glioma,glioma
2,Training/glioma/Tr-gl_103.png,glioma,glioma
2,Training/glioma/Tr-gl_1036.png,glioma,meningioma
2,Training/glioma/Tr-gl_1038.png,glioma,glioma
2,Training/glioma/Tr-gl_1049.png,glioma,glioma
2,Training/glioma/Tr-gl_1051.png,glioma,glioma
2,Training/glioma/Tr-gl_1056.png,glioma,glioma
2,Training/glioma/Tr-gl_106.png,glioma,meningioma
2,Training/glioma/Tr-gl_1062.png,glioma,pituitary
2,Training/glioma/Tr-gl_1070.png,glioma,glioma
2,Training/glioma/Tr-gl_1079.png,glioma,glioma
2,Training/glioma/Tr-gl_1080.png,glioma,glioma
2,Training/glioma/Tr-gl_1082.png,glioma,meningioma
2,Training/glioma/Tr-gl_1089.png,glioma,glioma
2,Training/glioma/Tr-gl_1102.png,glioma,meningioma
2,Training/glioma/Tr-gl_1105.png,glioma,glioma
2,Training/glioma/Tr-gl_1109.png,glioma,glioma
2,Training/glioma/Tr-gl_1112.png,glioma,glioma
2,Training/glioma/Tr-gl_112.png,glioma,glioma
2,Training/glioma/Tr-gl_1123.png,glioma,meningioma
2,Training/glioma/Tr-gl_1125.png,glioma,glioma
2,Training/glioma/Tr-gl_113.png,glioma,glioma
2,Training/glioma/Tr-gl_1131.png,glioma,glioma
2,Training/glioma/Tr-gl_1136.png,glioma,glioma
2,Training/glioma/Tr-gl_1142.png,glioma,glioma
2,Training/glioma/Tr-gl_1145.png,glioma,glioma
2,Training/glioma/Tr-gl_1147.png,glioma,glioma
2,Training/glioma/Tr-gl_1155.png,glioma,glioma
2,Training/glioma/Tr-gl_1157.png,glioma,glioma
2,Training/glioma/Tr-gl_116.png,glioma,meningioma
2,Training/glioma/Tr-gl_1164.png,glioma,glioma
2,Training/glioma/Tr-gl_1173.png,glioma,glioma
2,Training/glioma/Tr-gl_1183.png,glioma,glioma
2,Training/glioma/Tr-gl_119.png,glioma,meningioma
2,Training/glioma/Tr-gl_1199.png,glioma,glioma
2,Training/glioma/Tr-gl_1202.png,glioma,glioma
2,Training/glioma/Tr-gl_1209.png,glioma,pituitary
2,Training/glioma/Tr-gl_1216.png,glioma,glioma
2,Training/glioma/Tr-gl_1217.png,glioma,glioma
2,Training/glioma/Tr-gl_1218.png,glioma,glioma
2,Training/glioma/Tr-gl_1219.png,glioma,meningioma
2,Training/glioma/Tr-gl_1223.png,glioma,glioma
2,Training/glioma/Tr-gl_1231.png,glioma,glioma
2,Training/glioma/Tr-gl_1234.png,glioma,glioma
2,Training/glioma/Tr-gl_1248.png,glioma,glioma
2,Training/glioma/Tr-gl_1249.png,glioma,meningioma
2,Training/glioma/Tr-gl_125.png,glioma,glioma
2,Training/glioma/Tr-gl_1253.png,glioma,glioma
2,Training/glioma/Tr-gl_1255.png,glioma,glioma
2,Training/glioma/Tr-gl_1269.png,glioma,glioma
2,Training/glioma/Tr-gl_1272.png,glioma,glioma
2,Training/glioma/Tr-gl_1273.png,glioma,meningioma
2,Training/glioma/Tr-gl_1277.png,glioma,glioma
2,Training/glioma/Tr-gl_1281.png,glioma,meningioma
2,Training/glioma/Tr-gl_1285.png,glioma,glioma
2,Training/glioma/Tr-gl_1289.png,glioma,glioma
2,Training/glioma/Tr-gl_129.png,glioma,glioma
2,Training/glioma/Tr-gl_1292.png,glioma,glioma
2,Training/glioma/Tr-gl_1297.png,glioma,pituitary
2,Training/glioma/Tr-gl_1299.png,glioma,glioma
2,Training/glioma/Tr-gl_1300.png,glioma,glioma
2,Training/glioma/Tr-gl_1301.png,glioma,meningioma
2,Training/glioma/Tr-gl_1307.png,glioma,glioma
2,Training/glioma/Tr-gl_1308.png,glioma,pituitary
2,Training/glioma/Tr-gl_1315.png,glioma,glioma
2,Training/glioma/Tr-gl_1316.png,glioma,meningioma
2,Training/glioma/Tr-gl_1317.png,glioma,glioma
2,Training/glioma/Tr-gl_1318.png,glioma,glioma
2,Training/glioma/Tr-gl_1319.png,glioma,pituitary
2,Training/glioma/Tr-gl_132.png,glioma,glioma
2,Training/glioma/Tr-gl_1322.png,glioma,glioma
2,Training/glioma/Tr-gl_1323.png,glioma,glioma
2,Training/glioma/Tr-gl_1324.png,glioma,meningioma
2,Training/glioma/Tr-gl_1341.png,glioma,glioma
2,Training/glioma/Tr-gl_1342.png,glioma,glioma
2,Training/glioma/Tr-gl_1351.png,glioma,meningioma
2,Training/glioma/Tr-gl_1353.png,glioma,meningioma
2,Training/glioma/Tr-gl_1355.png,glioma,glioma
2,Training/glioma/Tr-gl_1357.png,glioma,glioma
2,Training/glioma/Tr-gl_1363.png,glioma,meningioma
2,Training/glioma/Tr-gl_137.png,glioma,glioma
2,Training/glioma/Tr-gl_1372.png,glioma,glioma
2,Training/glioma/Tr-gl_1375.png,glioma,glioma
2,Training/glioma/Tr-gl_1379.png,glioma,meningioma
2,Training/glioma/Tr-gl_1390.png,glioma,meningioma
2,Training/glioma/Tr-gl_1391.png,glioma,glioma
2,Training/glioma/Tr-gl_1394.png,glioma,glioma
2,Training/glioma/Tr-gl_1397.png,glioma,glioma
2,Training/glioma/Tr-gl_1398.png,glioma,glioma
2,Training/glioma/Tr-gl_1399.png,glioma,meningioma
2,Training/glioma/Tr-gl_140.png,glioma,glioma
2,Training/glioma/Tr-gl_149.png,glioma,glioma
2,Training/glioma/Tr-gl_15.png,glioma,meningioma
2,Training/glioma/Tr-gl_16.png,glioma,glioma
2,Training/glioma/Tr-gl_160.png,glioma,glioma
2,Training/glioma/Tr-gl_163.png,glioma,meningioma
2,Training/glioma/Tr-gl_165.png,glioma,meningioma
2,Training/glioma/Tr-gl_18.png,glioma,glioma
2,Training/glioma/Tr-gl_180.png,glioma,glioma
2,Training/glioma/Tr-gl_182.png,glioma,glioma
2,Training/glioma/Tr-gl_183.png,glioma,glioma
2,Training/glioma/Tr-gl_185.png,glioma,glioma
2,Training/glioma/Tr-gl_193.png,glioma,glioma
2,Training/glioma/Tr-gl_195.png,glioma,glioma
2,Training/glioma/Tr-gl_197.png,glioma,glioma
2,Training/glioma/Tr-gl_198.png,glioma,glioma
2,Training/glioma/Tr-gl_2.png,glioma,meningioma
2,Training/glioma/Tr-gl_205.png,glioma,glioma
2,Training/glioma/Tr-gl_209.png,glioma,glioma
2,Training/glioma/Tr-gl_21.png,glioma,glioma
2,Training/glioma/Tr-gl_223.png,glioma,glioma
2,Training/glioma/Tr-gl_224.png,glioma,glioma
2,Training/glioma/Tr-gl_225.png,glioma,glioma
2,Training/glioma/Tr-gl_226.png,glioma,glioma
2,Training/glioma/Tr-gl_229.png,glioma,glioma
2,Training/glioma/Tr-gl_232.png,glioma,glioma
2,Training/glioma/Tr-gl_243.png,glioma,meningioma
2,Training/glioma/Tr-gl_256.png,glioma,glioma
2,Training/glioma/Tr-gl_259.png,glioma,meningioma
2,Training/glioma/Tr-gl_272.png,glioma,glioma
2,Training/glioma/Tr-gl_276.png,glioma,glioma
2,Training/glioma/Tr-gl_287.png,glioma,pituitary
2,Training/glioma/Tr-gl_290.png,glioma,glioma
2,Training/glioma/Tr-gl_292.png,glioma,glioma
2,Training/glioma/Tr-gl_3.png,glioma,glioma
2,Training/glioma/Tr-gl_30.png,glioma,glioma
2,Training/glioma/Tr-gl_300.png,glioma,meningioma
2,Training/glioma/Tr-gl_31.png,glioma,glioma
2,Training/glioma/Tr-gl_32.png,glioma,meningioma
2,Training/glioma/Tr-gl_321.png,glioma,glioma
2,Training/glioma/Tr-gl_324.png,glioma,glioma
2,Training/glioma/Tr-gl_325.png,glioma,glioma
2,Training/glioma/Tr-gl_327.png,glioma,glioma
2,Training/glioma/Tr-gl_331.png,glioma,glioma
2,Training/glioma/Tr-gl_336.png,glioma,meningioma
2,Training/glioma/Tr-gl_339.png,glioma,glioma
2,Training/glioma/Tr-gl_342.png,glioma,glioma
2,Training/glioma/Tr-gl_353.png,glioma,glioma
2,Training/glioma/Tr-gl_354.png,glioma,glioma
2,Training/glioma/Tr-gl_362.png,glioma,glioma
2,Training/glioma/Tr-gl_366.png,glioma,meningioma
2,Training/glioma/Tr-gl_37.png,glioma,glioma
2,Training/glioma/Tr-gl_379.png,glioma,glioma
2,Training/glioma/Tr-gl_384.png,glioma,glioma
2,Training/glioma/Tr-gl_39.png,glioma,glioma
2,Training/glioma/Tr-gl_393.png,glioma,meningioma
2,Training/glioma/Tr-gl_396.png,glioma,glioma
2,Training/glioma/Tr-gl_397.png,glioma,glioma
2,Training/glioma/Tr-gl_40.png,glioma,glioma
2,Training/glioma/Tr-gl_403.png,glioma,glioma
2,Training/glioma/Tr-gl_415.png,glioma,glioma
2,Training/glioma/Tr-gl_417.png,glioma,meningioma
2,Training/glioma/Tr-gl_422.png,glioma,glioma
2,Training/glioma/Tr-gl_426.png,glioma,glioma
2,Training/glioma/Tr-gl_430.png,glioma,glioma
2,Training/glioma/Tr-gl_431.png,glioma,glioma
2,Training/glioma/Tr-gl_447.png,glioma,glioma
2,Training/glioma/Tr-gl_449.png,glioma,glioma
2,Training/glioma/Tr-gl_450.png,glioma,glioma
2,Training/glioma/Tr-gl_452.png,glioma,glioma
2,Training/glioma/Tr-gl_453.png,glioma,glioma
2,Training/glioma/Tr-gl_455.png,glioma,glioma
2,Training/glioma/Tr-gl_457.png,glioma,glioma
2,Training/glioma/Tr-gl_464.png,glioma,glioma
2,Training/glioma/Tr-gl_467.png,glioma,glioma
2,Training/glioma/Tr-gl_473.png,glioma,glioma
2,Training/glioma/Tr-gl_478.png,glioma,glioma
2,Training/glioma/Tr-gl_48.png,glioma,glioma
2,Training/glioma/Tr-gl_482.png,glioma,glioma
2,Training/glioma/Tr-gl_484.png,glioma,glioma
2,Training/glioma/Tr-gl_485.png,glioma,glioma
2,Training/glioma/Tr-gl_487.png,glioma,glioma
2,Training/glioma/Tr-gl_488.png,glioma,glioma
2,Training/glioma/Tr-gl_490.png,glioma,glioma
2,Training/glioma/Tr-gl_499.png,glioma,glioma
2,Training/glioma/Tr-gl_500.png,glioma,glioma
2,Training/glioma/Tr-gl_522.png,glioma,meningioma
2,Training/glioma/Tr-gl_523.png,glioma,glioma
2,Training/glioma/Tr-gl_529.png,glioma,glioma
2,Training/glioma/Tr-gl_53.png,glioma,glioma
2,Training/glioma/Tr-gl_532.png,glioma,pituitary
2,Training/glioma/Tr-gl_536.png,glioma,pituitary
2,Training/glioma/Tr-gl_54.png,glioma,glioma
2,Training/glioma/Tr-gl_540.png,glioma,glioma
2,Training/glioma/Tr-gl_546.png,glioma,pituitary
2,Training/glioma/Tr-gl_559.png,glioma,glioma
2,Training/glioma/Tr-gl_566.png,glioma,glioma
2,Training/glioma/Tr-gl_571.png,glioma,glioma
2,Training/glioma/Tr-gl_573.png,glioma,meningioma
2,Training/glioma/Tr-gl_578.png,glioma,meningioma
2,Training/glioma/Tr-gl_579.png,glioma,glioma
2,Training/glioma/Tr-gl_58.png,glioma,glioma
2,Training/glioma/Tr-gl_583.png,glioma,meningioma
2,Training/glioma/Tr-gl_589.png,glioma,glioma
2,Training/glioma/Tr-gl_598.png,glioma,glioma
2,Training/glioma/Tr-gl_602.png,glioma,glioma
2,Training/glioma/Tr-gl_603.png,glioma,meningioma
2,Training/glioma/Tr-gl_604.png,glioma,glioma
2,Training/glioma/Tr-gl_608.png,glioma,glioma
2,Training/glioma/Tr-gl_612.png,glioma,glioma
2,Training/glioma/Tr-gl_616.png,glioma,glioma
2,Training/glioma/Tr-gl_628.png,glioma,glioma
2,Training/glioma/Tr-gl_630.png,glioma,glioma
2,Training/glioma/Tr-gl_631.png,glioma,glioma
2,Training/glioma/Tr-gl_643.png,glioma,meningioma
2,Training/glioma/Tr-gl_646.png,glioma,meningioma
2,Training/glioma/Tr-gl_651.png,glioma,glioma
2,Training/glioma/Tr-gl_652.png,glioma,glioma
2,Training/glioma/Tr-gl_653.png,glioma,glioma
2,Training/glioma/Tr-gl_670.png,glioma,glioma
2,Training/glioma/Tr-gl_671.png,glioma,glioma
2,Training/glioma/Tr-gl_673.png,glioma,meningioma
2,Training/glioma/Tr-gl_682.png,glioma,glioma
2,Training/glioma/Tr-gl_697.png,glioma,meningioma
2,Training/glioma/Tr-gl_70.png,glioma,glioma
2,Training/glioma/Tr-gl_701.png,glioma,glioma
2,Training/glioma/Tr-gl_708.png,glioma,glioma
2,Training/glioma/Tr-gl_710.png,glioma,glioma
2,Training/glioma/Tr-gl_711.png,glioma,glioma
2,Training/glioma/Tr-gl_712.png,glioma,glioma
2,Training/glioma/Tr-gl_719.png,glioma,glioma
2,Training/glioma/Tr-gl_720.png,glioma,meningioma
2,Training/glioma/Tr-gl_725.png,glioma,meningioma
2,Training/glioma/Tr-gl_741.png,glioma,glioma
2,Training/glioma/Tr-gl_742.png,glioma,glioma
2,Training/glioma/Tr-gl_746.png,glioma,glioma
2,Training/glioma/Tr-gl_748.png,glioma,glioma
2,Training/glioma/Tr-gl_751.png,glioma,meningioma
2,Training/glioma/Tr-gl_758.png,glioma,meningioma
2,Training/glioma/Tr-gl_761.png,glioma,meningioma
2,Training/glioma/Tr-gl_767.png,glioma,glioma
2,Training/glioma/Tr-gl_783.png,glioma,glioma
2,Training/glioma/Tr-gl_791.png,glioma,meningioma
2,Training/glioma/Tr-gl_799.png,glioma,glioma
2,Training/glioma/Tr-gl_804.png,glioma,glioma
2,Training/glioma/Tr-gl_808.png,glioma,glioma
2,Training/glioma/Tr-gl_811.png,glioma,glioma
2,Training/glioma/Tr-gl_813.png,glioma,pituitary
2,Training/glioma/Tr-gl_817.png,glioma,glioma
2,Training/glioma/Tr-gl_820.png,glioma,glioma
2,Training/glioma/Tr-gl_83.png,glioma,glioma
2,Training/glioma/Tr-gl_831.png,glioma,glioma
2,Training/glioma/Tr-gl_84.png,glioma,glioma
2,Training/glioma/Tr-gl_85.png,glioma,pituitary
2,Training/glioma/Tr-gl_853.png,glioma,glioma
2,Training/glioma/Tr-gl_863.png,glioma,glioma
2,Training/glioma/Tr-gl_868.png,glioma,glioma
2,Training/glioma/Tr-gl_87.png,glioma,glioma
2,Training/glioma/Tr-gl_873.png,glioma,glioma
2,Training/glioma/Tr-gl_882.png,glioma,meningioma
2,Training/glioma/Tr-gl_885.png,glioma,glioma
2,Training/glioma/Tr-gl_896.png,glioma,meningioma
2,Training/glioma/Tr-gl_897.png,glioma,glioma
2,Training/glioma/Tr-gl_906.png,glioma,glioma
2,Training/glioma/Tr-gl_907.png,glioma,glioma
2,Training/glioma/Tr-gl_908.png,glioma,glioma
2,Training/glioma/Tr-gl_909.png,glioma,glioma
2,Training/glioma/Tr-gl_914.png,glioma,glioma
2,Training/glioma/Tr-gl_919.png,glioma,glioma
2,Training/glioma/Tr-gl_92.png,glioma,meningioma
2,Training/glioma/Tr-gl_926.png,glioma,pituitary
2,Training/glioma/Tr-gl_928.png,glioma,glioma
2,Training/glioma/Tr-gl_930.png,glioma,glioma
2,Training/glioma/Tr-gl_938.png,glioma,glioma
2,Training/glioma/Tr-gl_947.png,glioma,glioma
2,Training/glioma/Tr-gl_954.png,glioma,glioma
2,Training/glioma/Tr-gl_956.png,glioma,glioma
2,Training/glioma/Tr-gl_970.png,glioma,glioma
2,Training/glioma/Tr-gl_972.png,glioma,glioma
2,Training/glioma/Tr-gl_978.png,glioma,glioma
2,Training/glioma/Tr-gl_982.png,glioma,glioma
2,Training/glioma/Tr-gl_984.png,glioma,glioma
2,Training/glioma/Tr-gl_990.png,glioma,meningioma
2,Training/glioma/Tr-gl_992.png,glioma,glioma
2,Training/meningioma/Tr-aug-me_20.png,meningioma,pituitary
2,Training/meningioma/Tr-aug-me_21.png,meningioma,meningioma
2,Training/meningioma/Tr-aug-me_27.png,meningioma,meningioma
2,Training/meningioma/Tr-aug-me_32.png,meningioma,meningioma
2,Training/meningioma/Tr-aug-me_35.png,meningioma,glioma
2,Training/meningioma/Tr-aug-me_36.png,meningioma,glioma
2,Training/meningioma/Tr-aug-me_37.png,meningioma,meningioma
2,Training/meningioma/Tr-aug-me_39.png,meningioma,meningioma
2,Training/meningioma/Tr-aug-me_43.png,meningioma,pituitary
2,Training/meningioma/Tr-aug-me_45.png,meningioma,meningioma
2,Training/meningioma/Tr-aug-me_47.png,meningioma,pituitary
2,Training/meningioma/Tr-aug-me_50.png,meningioma,pituitary
2,Training/meningioma/Tr-aug-me_54.png,meningioma,pituitary
2,Training/meningioma/Tr-aug-me_56.png,meningioma,meningioma
2,Training/meningioma/Tr-aug-me_59.png,meningioma,pituitary
2,Training/meningioma/Tr-aug-me_6.png,meningioma,meningioma
2,Training/meningioma/Tr-aug-me_60.png,meningioma,meningioma
2,Training/meningioma/Tr-aug-me_64.png,meningioma,meningioma
2,Training/meningioma/Tr-aug-me_72.png,meningioma,meningioma
2,Training/meningioma/Tr-aug-me_77.png,meningioma,meningioma
2,Training/meningioma/Tr-aug-me_78.png,meningioma,meningioma
2,Training/meningioma/Tr-aug-me_8.png,meningioma,meningioma
2,Training/meningioma/Tr-aug-me_80.png,meningioma,meningioma
2,Training/meningioma/Tr-aug-me_86.png,meningioma,meningioma
2,Training/meningioma/Tr-aug-me_90.png,meningioma,meningioma
2,Training/meningioma/Tr-aug-me_93.png,meningioma,meningioma
2,Training/meningioma/Tr-aug-me_94.png,meningioma,notumor
2,Training/meningioma/Tr-me_1.png,meningioma,meningioma
2,Training/meningioma/Tr-me_100.png,meningioma,glioma
2,Training/meningioma/Tr-me_1000.png,meningioma,meningioma
2,Training/meningioma/Tr-me_1003.png,meningioma,meningioma
2,Training/meningioma/Tr-me_1014.png,meningioma,notumor
2,Training/meningioma/Tr-me_1016.png,meningioma,meningioma
2,Training/meningioma/Tr-me_1023.png,meningioma,meningioma
2,Training/meningioma/Tr-me_1025.png,meningioma,meningioma
2,Training/meningioma/Tr-me_1034.png,meningioma,meningioma
2,Training/meningioma/Tr-me_1037.png,meningioma,meningioma
2,Training/meningioma/Tr-me_1038.png,meningioma,glioma
2,Training/meningioma/Tr-me_1043.png,meningioma,meningioma
2,Training/meningioma/Tr-me_1045.png,meningioma,meningioma
2,Training/meningioma/Tr-me_1047.png,meningioma,meningioma
2,Training/meningioma/Tr-me_1057.png,meningioma,notumor
2,Training/meningioma/Tr-me_1061.png,meningioma,meningioma
2,Training/meningioma/Tr-me_1062.png,meningioma,meningioma
2,Training/meningioma/Tr-me_1064.png,meningioma,notumor
2,Training/meningioma/Tr-me_1074.png,meningioma,meningioma
2,Training/meningioma/Tr-me_1075.png,meningioma,meningioma
2,Training/meningioma/Tr-me_1080.png,meningioma,pituitary
2,Training/meningioma/Tr-me_1081.png,meningioma,meningioma
2,Training/meningioma/Tr-me_1088.png,meningioma,pituitary
2,Training/meningioma/Tr-me_1090.png,meningioma,meningioma
2,Training/meningioma/Tr-me_1091.png,meningioma,notumor
2,Training/meningioma/Tr-me_1100.png,meningioma,meningioma
2,Training/meningioma/Tr-me_1105.png,meningioma,meningioma
2,Training/meningioma/Tr-me_111.png,meningioma,meningioma
2,Training/meningioma/Tr-me_1113.png,meningioma,meningioma
2,Training/meningioma/Tr-me_1123.png,meningioma,meningioma
2,Training/meningioma/Tr-me_1132.png,meningioma,meningioma
2,Training/meningioma/Tr-me_1135.png,meningioma,meningioma
2,Training/meningioma/Tr-me_1141.png,meningioma,meningioma
2,Training/meningioma/Tr-me_1143.png,meningioma,meningioma
2,Training/meningioma/Tr-me_1144.png,meningioma,glioma
2,Training/meningioma/Tr-me_1148.png,meningioma,meningioma
2,Training/meningioma/Tr-me_1149.png,meningioma,meningioma
2,Training/meningioma/Tr-me_115.png,meningioma,meningioma
2,Training/meningioma/Tr-me_1153.png,meningioma,meningioma
2,Training/meningioma/Tr-me_1156.png,meningioma,meningioma
2,Training/meningioma/Tr-me_1170.png,meningioma,meningioma
2,Training/meningioma/Tr-me_1171.png,meningioma,glioma
2,Training/meningioma/Tr-me_1172.png,meningioma,meningioma
2,Training/meningioma/Tr-me_1185.png,meningioma,meningioma
2,Training/meningioma/Tr-me_1203.png,meningioma,pituitary
2,Training/meningioma/Tr-me_1210.png,meningioma,pituitary
2,Training/meningioma/Tr-me_1220.png,meningioma,glioma
2,Training/meningioma/Tr-me_1224.png,meningioma,meningioma
2,Training/meningioma/Tr-me_1227.png,meningioma,meningioma
2,Training/meningioma/Tr-me_1229.png,meningioma,meningioma
2,Training/meningioma/Tr-me_1232.png,meningioma,meningioma
2,Training/meningioma/Tr-me_1238.png,meningioma,meningioma
2,Training/meningioma/Tr-me_1240.png,meningioma,meningioma
2,Training/meningioma/Tr-me_1247.png,meningioma,meningioma
2,Training/meningioma/Tr-me_1248.png,meningioma,pituitary
2,Training/meningioma/Tr-me_1251.png,meningioma,meningioma
2,Training/meningioma/Tr-me_1256.png,meningioma,meningioma
2,Training/meningioma/Tr-me_1258.png,meningioma,meningioma
2,Training/meningioma/Tr-me_1259.png,meningioma,meningioma
2,Training/meningioma/Tr-me_1266.png,meningioma,meningioma
2,Training/meningioma/Tr-me_127.png,meningioma,meningioma
2,Training/meningioma/Tr-me_1275.png,meningioma,pituitary
2,Training/meningioma/Tr-me_1278.png,meningioma,pituitary
2,Training/meningioma/Tr-me_1280.png,meningioma,meningioma
2,Training/meningioma/Tr-me_1283.png,meningioma,meningioma
2,Training/meningioma/Tr-me_1293.png,meningioma,meningioma
2,Training/meningioma/Tr-me_133.png,meningioma,meningioma
2,Training/meningioma/Tr-me_137.png,meningioma,meningioma
2,Training/meningioma/Tr-me_145.png,meningioma,notumor
2,Training/meningioma/Tr-me_150.png,meningioma,meningioma
2,Training/meningioma/Tr-me_152.png,meningioma,pituitary
2,Training/meningioma/Tr-me_155.png,meningioma,meningioma
2,Training/meningioma/Tr-me_183.png,meningioma,meningioma
2,Training/meningioma/Tr-me_184.png,meningioma,meningioma
2,Training/meningioma/Tr-me_195.png,meningioma,meningioma
2,Training/meningioma/Tr-me_201.png,meningioma,meningioma
2,Training/meningioma/Tr-me_202.png,meningioma,notumor
2,Training/meningioma/Tr-me_204.png,meningioma,meningioma
2,Training/meningioma/Tr-me_205.png,meningioma,meningioma
2,Training/meningioma/Tr-me_207.png,meningioma,meningioma
2,Training/meningioma/Tr-me_214.png,meningioma,meningioma
2,Training/meningioma/Tr-me_215.png,meningioma,meningioma
2,Training/meningioma/Tr-me_221.png,meningioma,meningioma
2,Training/meningioma/Tr-me_226.png,meningioma,pituitary
2,Training/meningioma/Tr-me_232.png,meningioma,meningioma
2,Training/meningioma/Tr-me_234.png,meningioma,pituitary
2,Training/meningioma/Tr-me_239.png,meningioma,glioma
2,Training/meningioma/Tr-me_245.png,meningioma,meningioma
2,Training/meningioma/Tr-me_248.png,meningioma,meningioma
2,Training/meningioma/Tr-me_255.png,meningioma,meningioma
2,Training/meningioma/Tr-me_261.png,meningioma,meningioma
2,Training/meningioma/Tr-me_27.png,meningioma,glioma
2,Training/meningioma/Tr-me_271.png,meningioma,meningioma
2,Training/meningioma/Tr-me_272.png,meningioma,meningioma
2,Training/meningioma/Tr-me_275.png,meningioma,meningioma
2,Training/meningioma/Tr-me_276.png,meningioma,glioma
2,Training/meningioma/Tr-me_279.png,meningioma,meningioma
2,Training/meningioma/Tr-me_28.png,meningioma,glioma
2,Training/meningioma/Tr-me_284.png,meningioma,meningioma
2,Training/meningioma/Tr-me_287.png,meningioma,meningioma
2,Training/meningioma/Tr-me_289.png,meningioma,notumor
2,Training/meningioma/Tr-me_291.png,meningioma,glioma
2,Training/meningioma/Tr-me_297.png,meningioma,meningioma
2,Training/meningioma/Tr-me_298.png,meningioma,meningioma
2,Training/meningioma/Tr-me_299.png,meningioma,meningioma
2,Training/meningioma/Tr-me_300.png,meningioma,meningioma
2,Training/meningioma/Tr-me_301.png,meningioma,glioma
2,Training/meningioma/Tr-me_306.png,meningioma,meningioma
2,Training/meningioma/Tr-me_319.png,meningioma,meningioma
2,Training/meningioma/Tr-me_332.png,meningioma,meningioma
2,Training/meningioma/Tr-me_337.png,meningioma,meningioma
2,Training/meningioma/Tr-me_338.png,meningioma,meningioma
2,Training/meningioma/Tr-me_341.png,meningioma,meningioma
2,Training/meningioma/Tr-me_343.png,meningioma,pituitary
2,Training/meningioma/Tr-me_344.png,meningioma,pituitary
2,Training/meningioma/Tr-me_348.png,meningioma,pituitary
2,Training/meningioma/Tr-me_359.png,meningioma,meningioma
2,Training/meningioma/Tr-me_363.png,meningioma,meningioma
2,Training/meningioma/Tr-me_37.png,meningioma,meningioma
2,Training/meningioma/Tr-me_388.png,meningioma,meningioma
2,Training/meningioma/Tr-me_389.png,meningioma,meningioma
2,Training/meningioma/Tr-me_392.png,meningioma,meningioma
2,Training/meningioma/Tr-me_393.png,meningioma,glioma
2,Training/meningioma/Tr-me_403.png,meningioma,meningioma
2,Training/meningioma/Tr-me_406.png,meningioma,meningioma
2,Training/meningioma/Tr-me_420.png,meningioma,meningioma
2,Training/meningioma/Tr-me_423.png,meningioma,meningioma
2,Training/meningioma/Tr-me_425.png,meningioma,meningioma
2,Training/meningioma/Tr-me_434.png,meningioma,meningioma
2,Training/meningioma/Tr-me_437.png,meningioma,pituitary
2,Training/meningioma/Tr-me_438.png,meningioma,meningioma
2,Training/meningioma/Tr-me_439.png,meningioma,meningioma
2,Training/meningioma/Tr-me_44.png,meningioma,meningioma
2,Training/meningioma/Tr-me_442.png,meningioma,meningioma
2,Training/meningioma/Tr-me_451.png,meningioma,meningioma
2,Training/meningioma/Tr-me_46.png,meningioma,meningioma
2,Training/meningioma/Tr-me_463.png,meningioma,meningioma
2,Training/meningioma/Tr-me_464.png,meningioma,meningioma
2,Training/meningioma/Tr-me_473.png,meningioma,meningioma
2,Training/meningioma/Tr-me_475.png,meningioma,pituitary
2,Training/meningioma/Tr-me_48.png,meningioma,pituitary
2,Training/meningioma/Tr-me_484.png,meningioma,glioma
2,Training/meningioma/Tr-me_489.png,meningioma,meningioma
2,Training/meningioma/Tr-me_503.png,meningioma,glioma
2,Training/meningioma/Tr-me_510.png,meningioma,meningioma
2,Training/meningioma/Tr-me_516.png,meningioma,meningioma
2,Training/meningioma/Tr-me_528.png,meningioma,meningioma
2,Training/meningioma/Tr-me_529.png,meningioma,glioma
2,Training/meningioma/Tr-me_53.png,meningioma,meningioma
2,Training/meningioma/Tr-me_533.png,meningioma,meningioma
2,Training/meningioma/Tr-me_538.png,meningioma,meningioma
2,Training/meningioma/Tr-me_540.png,meningioma,meningioma
2,Training/meningioma/Tr-me_543.png,meningioma,meningioma
2,Training/meningioma/Tr-me_546.png,meningioma,pituitary
2,Training/meningioma/Tr-me_547.png,meningioma,meningioma
2,Training/meningioma/Tr-me_560.png,meningioma,meningioma
2,Training/meningioma/Tr-me_568.png,meningioma,meningioma
2,Training/meningioma/Tr-me_573.png,meningioma,pituitary
2,Training/meningioma/Tr-me_576.png,meningioma,meningioma
2,Training/meningioma/Tr-me_584.png,meningioma,meningioma
2,Training/meningioma/Tr-me_587.png,meningioma,meningioma
2,Training/meningioma/Tr-me_589.png,meningioma,meningioma
2,Training/meningioma/Tr-me_59.png,meningioma,meningioma
2,Training/meningioma/Tr-me_596.png,meningioma,glioma
2,Training/meningioma/Tr-me_599.png,meningioma,meningioma
2,Training/meningioma/Tr-me_6.png,meningioma,meningioma
2,Training/meningioma/Tr-me_604.png,meningioma,meningioma
2,Training/meningioma/Tr-me_614.png,meningioma,meningioma
2,Training/meningioma/Tr-me_617.png,meningioma,meningioma
2,Training/meningioma/Tr-me_620.png,meningioma,meningioma
2,Training/meningioma/Tr-me_621.png,meningioma,meningioma
2,Training/meningioma/Tr-me_635.png,meningioma,meningioma
2,Training/meningioma/Tr-me_64.png,meningioma,meningioma
2,Training/meningioma/Tr-me_645.png,meningioma,glioma
2,Training/meningioma/Tr-me_647.png,meningioma,glioma
2,Training/meningioma/Tr-me_648.png,meningioma,meningioma
2,Training/meningioma/Tr-me_65.png,meningioma,meningioma
2,Training/meningioma/Tr-me_651.png,meningioma,glioma
2,Training/meningioma/Tr-me_66.png,meningioma,meningioma
2,Training/meningioma/Tr-me_660.png,meningioma,meningioma
2,Training/meningioma/Tr-me_669.png,meningioma,glioma
2,Training/meningioma/Tr-me_673.png,meningioma,meningioma
2,Training/meningioma/Tr-me_677.png,meningioma,meningioma
2,Training/meningioma/Tr-me_684.png,meningioma,notumor
2,Training/meningioma/Tr-me_689.png,meningioma,meningioma
2,Training/meningioma/Tr-me_69.png,meningioma,meningioma
2,Training/meningioma/Tr-me_692.png,meningioma,meningioma
2,Training/meningioma/Tr-me_693.png,meningioma,meningioma
2,Training/meningioma/Tr-me_695.png,meningioma,meningioma
2,Training/meningioma/Tr-me_706.png,meningioma,notumor
2,Training/meningioma/Tr-me_708.png,meningioma,meningioma
2,Training/meningioma/Tr-me_713.png,meningioma,glioma
2,Training/meningioma/Tr-me_717.png,meningioma,meningioma
2,Training/meningioma/Tr-me_721.png,meningioma,pituitary
2,Training/meningioma/Tr-me_722.png,meningioma,meningioma
2,Training/meningioma/Tr-me_754.png,meningioma,meningioma
2,Training/meningioma/Tr-me_759.png,meningioma,glioma
2,Training/meningioma/Tr-me_760.png,meningioma,meningioma
2,Training/meningioma/Tr-me_762.png,meningioma,meningioma
2,Training/meningioma/Tr-me_768.png,meningioma,meningioma
2,Training/meningioma/Tr-me_770.png,meningioma,meningioma
2,Training/meningioma/Tr-me_773.png,meningioma,meningioma
2,Training/meningioma/Tr-me_777.png,meningioma,meningioma
2,Training/meningioma/Tr-me_780.png,meningioma,meningioma
2,Training/meningioma/Tr-me_782.png,meningioma,glioma
2,Training/meningioma/Tr-me_785.png,meningioma,meningioma
2,Training/meningioma/Tr-me_792.png,meningioma,glioma
2,Training/meningioma/Tr-me_805.png,meningioma,meningioma
2,Training/meningioma/Tr-me_807.png,meningioma,meningioma
2,Training/meningioma/Tr-me_81.png,meningioma,meningioma
2,Training/meningioma/Tr-me_817.png,meningioma,meningioma
2,Training/meningioma/Tr-me_818.png,meningioma,pituitary
2,Training/meningioma/Tr-me_821.png,meningioma,meningioma
2,Training/meningioma/Tr-me_824.png,meningioma,notumor
2,Training/meningioma/Tr-me_827.png,meningioma,pituitary
2,Training/meningioma/Tr-me_830.png,meningioma,meningioma
2,Training/meningioma/Tr-me_832.png,meningioma,meningioma
2,Training/meningioma/Tr-me_836.png,meningioma,meningioma
2,Training/meningioma/Tr-me_841.png,meningioma,meningioma
2,Training/meningioma/Tr-me_846.png,meningioma,notumor
2,Training/meningioma/Tr-me_849.png,meningioma,meningioma
2,Training/meningioma/Tr-me_850.png,meningioma,pituitary
2,Training/meningioma/Tr-me_853.png,meningioma,meningioma
2,Training/meningioma/Tr-me_857.png,meningioma,meningioma
2,Training/meningioma/Tr-me_862.png,meningioma,notumor
2,Training/meningioma/Tr-me_863.png,meningioma,meningioma
2,Training/meningioma/Tr-me_870.png,meningioma,meningioma
2,Training/meningioma/Tr-me_872.png,meningioma,meningioma
2,Training/meningioma/Tr-me_874.png,meningioma,glioma
2,Training/meningioma/Tr-me_875.png,meningioma,pituitary
2,Training/meningioma/Tr-me_879.png,meningioma,meningioma
2,Training/meningioma/Tr-me_881.png,meningioma,meningioma
2,Training/meningioma/Tr-me_888.png,meningioma,meningioma
2,Training/meningioma/Tr-me_897.png,meningioma,meningioma
2,Training/meningioma/Tr-me_90.png,meningioma,meningioma
2,Training/meningioma/Tr-me_908.png,meningioma,meningioma
2,Training/meningioma/Tr-me_917.png,meningioma,meningioma
2,Training/meningioma/Tr-me_928.png,meningioma,meningioma
2,Training/meningioma/Tr-me_935.png,meningioma,meningioma
2,Training/meningioma/Tr-me_959.png,meningioma,glioma
2,Training/meningioma/Tr-me_962.png,meningioma,meningioma
2,Training/meningioma/Tr-me_963.png,meningioma,meningioma
2,Training/meningioma/Tr-me_965.png,meningioma,meningioma
2,Training/meningioma/Tr-me_966.png,meningioma,meningioma
2,Training/meningioma/Tr-me_97.png,meningioma,meningioma
2,Training/meningioma/Tr-me_970.png,meningioma,meningioma
2,Training/meningioma/Tr-me_974.png,meningioma,meningioma
2,Training/meningioma/Tr-me_98.png,meningioma,meningioma
2,Training/meningioma/Tr-me_980.png,meningioma,meningioma
2,Training/meningioma/Tr-me_989.png,meningioma,meningioma
2,Training/meningioma/Tr-me_99.png,meningioma,notumor
2,Training/meningioma/Tr-me_992.png,meningioma,meningioma
2,Training/meningioma/Tr-me_995.png,meningioma,meningioma
2,Training/notumor/Tr-no_1.png,notumor,notumor
2,Training/notumor/Tr-no_1008.png,notumor,notumor
2,Training/notumor/Tr-no_101.png,notumor,notumor
2,Training/notumor/Tr-no_1014.png,notumor,notumor
2,Training/notumor/Tr-no_1016.png,notumor,notumor
2,Training/notumor/Tr-no_1017.png,notumor,notumor
2,Training/notumor/Tr-no_1024.png,notumor,meningioma
2,Training/notumor/Tr-no_1027.png,notumor,notumor
2,Training/notumor/Tr-no_1030.png,notumor,notumor
2,Training/notumor/Tr-no_1035.png,notumor,notumor
2,Training/notumor/Tr-no_104.png,notumor,notumor
2,Training/notumor/Tr-no_1048.png,notumor,notumor
2,Training/notumor/Tr-no_1054.png,notumor,notumor
2,Training/notumor/Tr-no_1056.png,notumor,notumor
2,Training/notumor/Tr-no_1061.png,notumor,notumor
2,Training/notumor/Tr-no_1065.png,notumor,notumor
2,Training/notumor/Tr-no_1068.png,notumor,notumor
2,Training/notumor/Tr-no_1074.png,notumor,notumor
2,Training/notumor/Tr-no_1080.png,notumor,notumor
2,Training/notumor/Tr-no_1081.png,notumor,notumor
2,Training/notumor/Tr-no_1082.png,notumor,notumor
2,Training/notumor/Tr-no_109.png,notumor,notumor
2,Training/notumor/Tr-no_1097.png,notumor,pituitary
2,Training/notumor/Tr-no_1102.png,notumor,notumor
2,Training/notumor/Tr-no_1105.png,notumor,notumor
2,Training/notumor/Tr-no_1107.png,notumor,notumor
2,Training/notumor/Tr-no_1114.png,notumor,notumor
2,Training/notumor/Tr-no_1115.png,notumor,notumor
2,Training/notumor/Tr-no_1118.png,notumor,notumor
2,Training/notumor/Tr-no_1121.png,notumor,notumor
2,Training/notumor/Tr-no_1124.png,notumor,notumor
2,Training/notumor/Tr-no_1128.png,notumor,notumor
2,Training/notumor/Tr-no_1129.png,notumor,notumor
2,Training/notumor/Tr-no_1130.png,notumor,notumor
2,Training/notumor/Tr-no_1140.png,notumor,notumor
2,Training/notumor/Tr-no_1144.png,notumor,notumor
2,Training/notumor/Tr-no_1169.png,notumor,notumor
2,Training/notumor/Tr-no_1175.png,notumor,notumor
2,Training/notumor/Tr-no_1186.png,notumor,notumor
2,Training/notumor/Tr-no_1191.png,notumor,notumor
2,Training/notumor/Tr-no_1194.png,notumor,notumor
2,Training/notumor/Tr-no_1199.png,notumor,notumor
2,Training/notumor/Tr-no_1201.png,notumor,notumor
2,Training/notumor/Tr-no_1209.png,notumor,notumor
2,Training/notumor/Tr-no_121.png,notumor,notumor
2,Training/notumor/Tr-no_1211.png,notumor,notumor
2,Training/notumor/Tr-no_1214.png,notumor,notumor
2,Training/notumor/Tr-no_1215.png,notumor,notumor
2,Training/notumor/Tr-no_1219.png,notumor,notumor
2,Training/notumor/Tr-no_122.png,notumor,notumor
2,Training/notumor/Tr-no_1225.png,notumor,notumor
2,Training/notumor/Tr-no_1227.png,notumor,notumor
2,Training/notumor/Tr-no_1232.png,notumor,notumor
2,Training/notumor/Tr-no_1233.png,notumor,notumor
2,Training/notumor/Tr-no_1238.png,notumor,notumor
2,Training/notumor/Tr-no_1241.png,notumor,notumor
2,Training/notumor/Tr-no_125.png,notumor,notumor
2,Training/notumor/Tr-no_1250.png,notumor,notumor
2,Training/notumor/Tr-no_1261.png,notumor,notumor
2,Training/notumor/Tr-no_1262.png,notumor,notumor
2,Training/notumor/Tr-no_1265.png,notumor,notumor
2,Training/notumor/Tr-no_1278.png,notumor,notumor
2,Training/notumor/Tr-no_1280.png,notumor,notumor
2,Training/notumor/Tr-no_1299.png,notumor,notumor
2,Training/notumor/Tr-no_13.png,notumor,notumor
2,Training/notumor/Tr-no_1307.png,notumor,notumor
2,Training/notumor/Tr-no_1308.png,notumor,notumor
2,Training/notumor/Tr-no_1312.png,notumor,notumor
2,Training/notumor/Tr-no_1314.png,notumor,notumor
2,Training/notumor/Tr-no_1316.png,notumor,notumor
2,Training/notumor/Tr-no_1323.png,notumor,notumor
2,Training/notumor/Tr-no_1328.png,notumor,notumor
2,Training/notumor/Tr-no_1330.png,notumor,notumor
2,Training/notumor/Tr-no_1336.png,notumor,notumor
2,Training/notumor/Tr-no_134.png,notumor,notumor
2,Training/notumor/Tr-no_1345.png,notumor,notumor
2,Training/notumor/Tr-no_1355.png,notumor,notumor
2,Training/notumor/Tr-no_1356.png,notumor,notumor
2,Training/notumor/Tr-no_136.png,notumor,notumor
2,Training/notumor/Tr-no_1360.png,notumor,notumor
2,Training/notumor/Tr-no_1361.png,notumor,notumor
2,Training/notumor/Tr-no_1367.png,notumor,notumor
2,Training/notumor/Tr-no_1369.png,notumor,notumor
2,Training/notumor/Tr-no_1370.png,notumor,notumor
2,Training/notumor/Tr-no_1371.png,notumor,notumor
2,Training/notumor/Tr-no_1389.png,notumor,notumor
2,Training/notumor/Tr-no_1395.png,notumor,notumor
2,Training/notumor/Tr-no_1398.png,notumor,notumor
2,Training/notumor/Tr-no_142.png,notumor,notumor
2,Training/notumor/Tr-no_144.png,notumor,notumor
2,Training/notumor/Tr-no_146.png,notumor,notumor
2,Training/notumor/Tr-no_151.png,notumor,notumor
2,Training/notumor/Tr-no_152.png,notumor,notumor
2,Training/notumor/Tr-no_155.png,notumor,meningioma
2,Training/notumor/Tr-no_158.png,notumor,notumor
2,Training/notumor/Tr-no_16.png,notumor,notumor
2,Training/notumor/Tr-no_163.png,notumor,notumor
2,Training/notumor/Tr-no_166.png,notumor,notumor
2,Training/notumor/Tr-no_173.png,notumor,notumor
2,Training/notumor/Tr-no_178.png,notumor,notumor
2,Training/notumor/Tr-no_180.png,notumor,notumor
2,Training/notumor/Tr-no_187.png,notumor,notumor
2,Training/notumor/Tr-no_191.png,notumor,notumor
2,Training/notumor/Tr-no_196.png,notumor,notumor
2,Training/notumor/Tr-no_201.png,notumor,notumor
2,Training/notumor/Tr-no_205.png,notumor,notumor
2,Training/notumor/Tr-no_208.png,notumor,notumor
2,Training/notumor/Tr-no_216.png,notumor,notumor
2,Training/notumor/Tr-no_220.png,notumor,notumor
2,Training/notumor/Tr-no_222.png,notumor,notumor
2,Training/notumor/Tr-no_223.png,notumor,notumor
2,Training/notumor/Tr-no_224.png,notumor,notumor
2,Training/notumor/Tr-no_225.png,notumor,notumor
2,Training/notumor/Tr-no_230.png,notumor,notumor
2,Training/notumor/Tr-no_238.png,notumor,notumor
2,Training/notumor/Tr-no_256.png,notumor,notumor
2,Training/notumor/Tr-no_261.png,notumor,glioma
2,Training/notumor/Tr-no_265.png,notumor,notumor
2,Training/notumor/Tr-no_269.png,notumor,notumor
2,Training/notumor/Tr-no_279.png,notumor,notumor
2,Training/notumor/Tr-no_28.png,notumor,notumor
2,Training/notumor/Tr-no_281.png,notumor,notumor
2,Training/notumor/Tr-no_299.png,notumor,notumor
2,Training/notumor/Tr-no_302.png,notumor,notumor
2,Training/notumor/Tr-no_308.png,notumor,notumor
2,Training/notumor/Tr-no_316.png,notumor,notumor
2,Training/notumor/Tr-no_324.png,notumor,notumor
2,Training/notumor/Tr-no_327.png,notumor,notumor
2,Training/notumor/Tr-no_332.png,notumor,notumor
2,Training/notumor/Tr-no_334.png,notumor,notumor
2,Training/notumor/Tr-no_34.png,notumor,notumor
2,Training/notumor/Tr-no_340.png,notumor,notumor
2,Training/notumor/Tr-no_349.png,notumor,notumor
2,Training/notumor/Tr-no_357.png,notumor,notumor
2,Training/notumor/Tr-no_358.png,notumor,notumor
2,Training/notumor/Tr-no_368.png,notumor,notumor
2,Training/notumor/Tr-no_371.png,notumor,notumor
2,Training/notumor/Tr-no_383.png,notumor,notumor
2,Training/notumor/Tr-no_384.png,notumor,notumor
2,Training/notumor/Tr-no_390.png,notumor,notumor
2,Training/notumor/Tr-no_4.png,notumor,notumor
2,Training/notumor/Tr-no_401.png,notumor,notumor
2,Training/notumor/Tr-no_409.png,notumor,notumor
2,Training/notumor/Tr-no_410.png,notumor,notumor
2,Training/notumor/Tr-no_412.png,notumor,notumor
2,Training/notumor/Tr-no_415.png,notumor,notumor
2,Training/notumor/Tr-no_423.png,notumor,notumor
2,Training/notumor/Tr-no_424.png,notumor,notumor
2,Training/notumor/Tr-no_43.png,notumor,notumor
2,Training/notumor/Tr-no_431.png,notumor,notumor
2,Training/notumor/Tr-no_435.png,notumor,notumor
2,Training/notumor/Tr-no_440.png,notumor,notumor
2,Training/notumor/Tr-no_446.png,notumor,notumor
2,Training/notumor/Tr-no_450.png,notumor,notumor
2,Training/notumor/Tr-no_452.png,notumor,notumor
2,Training/notumor/Tr-no_453.png,notumor,notumor
2,Training/notumor/Tr-no_455.png,notumor,notumor
2,Training/notumor/Tr-no_457.png,notumor,meningioma
2,Training/notumor/Tr-no_473.png,notumor,notumor
2,Training/notumor/Tr-no_478.png,notumor,notumor
2,Training/notumor/Tr-no_479.png,notumor,notumor
2,Training/notumor/Tr-no_482.png,notumor,notumor
2,Training/notumor/Tr-no_485.png,notumor,notumor
2,Training/notumor/Tr-no_49.png,notumor,notumor
2,Training/notumor/Tr-no_500.png,notumor,notumor
2,Training/notumor/Tr-no_505.png,notumor,notumor
2,Training/notumor/Tr-no_510.png,notumor,notumor
2,Training/notumor/Tr-no_517.png,notumor,notumor
2,Training/notumor/Tr-no_520.png,notumor,notumor
2,Training/notumor/Tr-no_521.png,notumor,notumor
2,Training/notumor/Tr-no_537.png,notumor,notumor
2,Training/notumor/Tr-no_54.png,notumor,notumor
2,Training/notumor/Tr-no_55.png,notumor,notumor
2,Training/notumor/Tr-no_553.png,notumor,notumor
2,Training/notumor/Tr-no_555.png,notumor,notumor
2,Training/notumor/Tr-no_560.png,notumor,notumor
2,Training/notumor/Tr-no_578.png,notumor,notumor
2,Training/notumor/Tr-no_591.png,notumor,notumor
2,Training/notumor/Tr-no_592.png,notumor,notumor
2,Training/notumor/Tr-no_60.png,notumor,notumor
2,Training/notumor/Tr-no_600.png,notumor,notumor
2,Training/notumor/Tr-no_602.png,notumor,meningioma
2,Training/notumor/Tr-no_604.png,notumor,notumor
2,Training/notumor/Tr-no_606.png,notumor,notumor
2,Training/notumor/Tr-no_609.png,notumor,notumor
2,Training/notumor/Tr-no_612.png,notumor,notumor
2,Training/notumor/Tr-no_613.png,notumor,notumor
2,Training/notumor/Tr-no_620.png,notumor,notumor
2,Training/notumor/Tr-no_623.png,notumor,notumor
2,Training/notumor/Tr-no_624.png,notumor,notumor
2,Training/notumor/Tr-no_631.png,notumor,notumor
2,Training/notumor/Tr-no_637.png,notumor,notumor
2,Training/notumor/Tr-no_646.png,notumor,notumor
2,Training/notumor/Tr-no_650.png,notumor,notumor
2,Training/notumor/Tr-no_66.png,notumor,notumor
2,Training/notumor/Tr-no_660.png,notumor,notumor
2,Training/notumor/Tr-no_661.png,notumor,notumor
2,Training/notumor/Tr-no_663.png,notumor,notumor
2,Training/notumor/Tr-no_668.png,notumor,notumor
2,Training/notumor/Tr-no_671.png,notumor,notumor
2,Training/notumor/Tr-no_677.png,notumor,notumor
2,Training/notumor/Tr-no_68.png,notumor,notumor
2,Training/notumor/Tr-no_682.png,notumor,notumor
2,Training/notumor/Tr-no_683.png,notumor,notumor
2,Training/notumor/Tr-no_688.png,notumor,notumor
2,Training/notumor/Tr-no_697.png,notumor,notumor
2,Training/notumor/Tr-no_7.png,notumor,meningioma
2,Training/notumor/Tr-no_708.png,notumor,notumor
2,Training/notumor/Tr-no_715.png,notumor,notumor
2,Training/notumor/Tr-no_718.png,notumor,notumor
2,Training/notumor/Tr-no_722.png,notumor,notumor
2,Training/notumor/Tr-no_726.png,notumor,notumor
2,Training/notumor/Tr-no_73.png,notumor,notumor
2,Training/notumor/Tr-no_731.png,notumor,notumor
2,Training/notumor/Tr-no_738.png,notumor,notumor
2,Training/notumor/Tr-no_742.png,notumor,notumor
2,Training/notumor/Tr-no_745.png,notumor,notumor
2,Training/notumor/Tr-no_747.png,notumor,notumor
2,Training/notumor/Tr-no_749.png,notumor,notumor
2,Training/notumor/Tr-no_752.png,notumor,notumor
2,Training/notumor/Tr-no_753.png,notumor,notumor
2,Training/notumor/Tr-no_763.png,notumor,notumor
2,Training/notumor/Tr-no_764.png,notumor,notumor
2,Training/notumor/Tr-no_772.png,notumor,notumor
2,Training/notumor/Tr-no_778.png,notumor,notumor
2,Training/notumor/Tr-no_779.png,notumor,notumor
2,Training/notumor/Tr-no_781.png,notumor,notumor
2,Training/notumor/Tr-no_784.png,notumor,notumor
2,Training/notumor/Tr-no_789.png,notumor,notumor
2,Training/notumor/Tr-no_791.png,notumor,notumor
2,Training/notumor/Tr-no_792.png,notumor,notumor
2,Training/notumor/Tr-no_793.png,notumor,notumor
2,Training/notumor/Tr-no_796.png,notumor,pituitary
2,Training/notumor/Tr-no_798.png,notumor,notumor
2,Training/notumor/Tr-no_801.png,notumor,notumor
2,Training/notumor/Tr-no_805.png,notumor,notumor
2,Training/notumor/Tr-no_808.png,notumor,notumor
2,Training/notumor/Tr-no_811.png,notumor,notumor
2,Training/notumor/Tr-no_816.png,notumor,notumor
2,Training/notumor/Tr-no_821.png,notumor,notumor
2,Training/notumor/Tr-no_823.png,notumor,notumor
2,Training/notumor/Tr-no_824.png,notumor,notumor
2,Training/notumor/Tr-no_829.png,notumor,notumor
2,Training/notumor/Tr-no_838.png,notumor,notumor
2,Training/notumor/Tr-no_846.png,notumor,notumor
2,Training/notumor/Tr-no_847.png,notumor,notumor
2,Training/notumor/Tr-no_850.png,notumor,notumor
2,Training/notumor/Tr-no_853.png,notumor,notumor
2,Training/notumor/Tr-no_854.png,notumor,notumor
2,Training/notumor/Tr-no_856.png,notumor,notumor
2,Training/notumor/Tr-no_862.png,notumor,notumor
2,Training/notumor/Tr-no_863.png,notumor,notumor
2,Training/notumor/Tr-no_864.png,notumor,notumor
2,Training/notumor/Tr-no_867.png,notumor,notumor
2,Training/notumor/Tr-no_87.png,notumor,notumor
2,Training/notumor/Tr-no_870.png,notumor,notumor
2,Training/notumor/Tr-no_878.png,notumor,notumor
2,Training/notumor/Tr-no_882.png,notumor,notumor
2,Training/notumor/Tr-no_887.png,notumor,notumor
2,Training/notumor/Tr-no_897.png,notumor,notumor
2,Training/notumor/Tr-no_90.png,notumor,notumor
2,Training/notumor/Tr-no_910.png,notumor,notumor
2,Training/notumor/Tr-no_920.png,notumor,notumor
2,Training/notumor/Tr-no_935.png,notumor,notumor
2,Training/notumor/Tr-no_936.png,notumor,notumor
2,Training/notumor/Tr-no_948.png,notumor,notumor
2,Training/notumor/Tr-no_95.png,notumor,notumor
2,Training/notumor/Tr-no_952.png,notumor,notumor
2,Training/notumor/Tr-no_955.png,notumor,notumor
2,Training/notumor/Tr-no_957.png,notumor,notumor
2,Training/notumor/Tr-no_959.png,notumor,notumor
2,Training/notumor/Tr-no_962.png,notumor,notumor
2,Training/notumor/Tr-no_966.png,notumor,notumor
2,Training/notumor/Tr-no_969.png,notumor,notumor
2,Training/notumor/Tr-no_97.png,notumor,notumor
2,Training/notumor/Tr-no_972.png,notumor,notumor
2,Training/notumor/Tr-no_974.png,notumor,notumor
2,Training/notumor/Tr-no_977.png,notumor,notumor
2,Training/notumor/Tr-no_986.png,notumor,notumor
2,Training/notumor/Tr-no_997.png,notumor,notumor
2,Training/pituitary/Tr-pi_1001.png,pituitary,pituitary
2,Training/pituitary/Tr-pi_1004.png,pituitary,pituitary
2,Training/pituitary/Tr-pi_1012.png,pituitary,pituitary
2,Training/pituitary/Tr-pi_1014.png,pituitary,pituitary
2,Training/pituitary/Tr-pi_1017.png,pituitary,pituitary
2,Training/pituitary/Tr-pi_1020.png,pituitary,pituitary
2,Training/pituitary/Tr-pi_1021.png,pituitary,pituitary
2,Training/pituitary/Tr-pi_1025.png,pituitary,meningioma
2,Training/pituitary/Tr-pi_1029.png,pituitary,pituitary
2,Training/pituitary/Tr-pi_103.png,pituitary,pituitary
2,Training/pituitary/Tr-pi_1031.png,pituitary,pituitary
2,Training/pituitary/Tr-pi_1033.png,pituitary,meningioma
2,Training/pituitary/Tr-pi_1035.png,pituitary,pituitary
2,Training/pituitary/Tr-pi_1038.png,pituitary,pituitary
2,Training/pituitary/Tr-pi_1039.png,pituitary,pituitary
2,Training/pituitary/Tr-pi_1041.png,pituitary,pituitary
2,Training/pituitary/Tr-pi_1042.png,pituitary,pituitary
2,Training/pituitary/Tr-pi_1047.png,pituitary,meningioma
2,Training/pituitary/Tr-pi_105.png,pituitary,pituitary
2,Training/pituitary/Tr-pi_1052.png,pituitary,pituitary
2,Training/pituitary/Tr-pi_1053.png,pituitary,pituitary
2,Training/pituitary/Tr-pi_1054.png,pituitary,pituitary
2,Training/pituitary/Tr-pi_1058.png,pituitary,pituitary
2,Training/pituitary/Tr-pi_1063.png,pituitary,pituitary
2,Training/pituitary/Tr-pi_1064.png,pituitary,pituitary
2,Training/pituitary/Tr-pi_1066.png,pituitary,pituitary
2,Training/pituitary/Tr-pi_1068.png,pituitary,pituitary
2,Training/pituitary/Tr-pi_1070.png,pituitary,glioma
2,Training/pituitary/Tr-pi_1076.png,pituitary,pituitary
2,Training/pituitary/Tr-pi_1087.png,pituitary,pituitary
2,Training/pituitary/Tr-pi_1088.png,pituitary,pituitary
2,Training/pituitary/Tr-pi_1089.png,pituitary,pituitary
2,Training/pituitary/Tr-pi_1100.png,pituitary,pituitary
2,Training/pituitary/Tr-pi_1101.png,pituitary,pituitary
2,Training/pituitary/Tr-pi_1102.png,pituitary,glioma
2,Training/pituitary/Tr-pi_111.png,pituitary,pituitary
2,Training/pituitary/Tr-pi_1110.png,pituitary,pituitary
2,Training/pituitary/Tr-pi_1114.png,pituitary,pituitary
2,Training/pituitary/Tr-pi_1120.png,pituitary,pituitary
2,Training/pituitary/Tr-pi_1124.png,pituitary,pituitary
2,Training/pituitary/Tr-pi_1126.png,pituitary,pituitary
2,Training/pituitary/Tr-pi_1127.png,pituitary,pituitary
2,Training/pituitary/Tr-pi_1133.png,pituitary,pituitary
2,Training/pituitary/Tr-pi_1134.png,pituitary,pituitary
2,Training/pituitary/Tr-pi_1137.png,pituitary,meningioma
2,Training/pituitary/Tr-pi_115.png,pituitary,pituitary
2,Training/pituitary/Tr-pi_1151.png,pituitary,pituitary
2,Training/pituitary/Tr-pi_1157.png,pituitary,pituitary
2,Training/pituitary/Tr-pi_1159.png,pituitary,pituitary
2,Training/pituitary/Tr-pi_1164.png,pituitary,pituitary
2,Training/pituitary/Tr-pi_1170.png,pituitary,pituitary
2,Training/pituitary/Tr-pi_1176.png,pituitary,pituitary
2,Training/pituitary/Tr-pi_1179.png,pituitary,pituitary
2,Training/pituitary/Tr-pi_1183.png,pituitary,pituitary
2,Training/pituitary/Tr-pi_1184.png,pituitary,pituitary
2,Training/pituitary/Tr-pi_1192.png,pituitary,pituitary
2,Training/pituitary/Tr-pi_1194.png,pituitary,pituitary
2,Training/pituitary/Tr-pi_1198.png,pituitary,pituitary
2,Training/pituitary/Tr-pi_1200.png,pituitary,pituitary
2,Training/pituitary/Tr-pi_1203.png,pituitary,pituitary
2,Training/pituitary/Tr-pi_1205.png,pituitary,pituitary
2,Training/pituitary/Tr-pi_1209.png,pituitary,notumor
2,Training/pituitary/Tr-pi_121.png,pituitary,pituitary
2,Training/pituitary/Tr-pi_1214.png,pituitary,meningioma
2,Training/pituitary/Tr-pi_1236.png,pituitary,pituitary
2,Training/pituitary/Tr-pi_1246.png,pituitary,pituitary
2,Training/pituitary/Tr-pi_1247.png,pituitary,glioma
2,Training/pituitary/Tr-pi_1255.png,pituitary,pituitary
2,Training/pituitary/Tr-pi_1261.png,pituitary,pituitary
2,Training/pituitary/Tr-pi_1262.png,pituitary,pituitary
2,Training/pituitary/Tr-pi_1269.png,pituitary,pituitary
2,Training/pituitary/Tr-pi_1273.png,pituitary,pituitary
2,Training/pituitary/Tr-pi_1279.png,pituitary,pituitary
2,Training/pituitary/Tr-pi_1281.png,pituitary,pituitary
2,Training/pituitary/Tr-pi_1286.png,pituitary,pituitary
2,Training/pituitary/Tr-pi_1288.png,pituitary,pituitary
2,Training/pituitary/Tr-pi_1299.png,pituitary,pituitary
2,Training/pituitary/Tr-pi_1308.png,pituitary,pituitary
2,Training/pituitary/Tr-pi_1311.png,pituitary,pituitary
2,Training/pituitary/Tr-pi_1312.png,pituitary,pituitary
2,Training/pituitary/Tr-pi_1315.png,pituitary,pituitary
2,Training/pituitary/Tr-pi_1326.png,pituitary,pituitary
2,Training/pituitary/Tr-pi_1330.png,pituitary,pituitary
2,Training/pituitary/Tr-pi_1331.png,pituitary,meningioma
2,Training/pituitary/Tr-pi_1332.png,pituitary,pituitary
2,Training/pituitary/Tr-pi_1333.png,pituitary,pituitary
2,Training/pituitary/Tr-pi_1334.png,pituitary,pituitary
2,Training/pituitary/Tr-pi_1338.png,pituitary,pituitary
2,Training/pituitary/Tr-pi_1339.png,pituitary,pituitary
2,Training/pituitary/Tr-pi_1350.png,pituitary,pituitary
2,Training/pituitary/Tr-pi_1352.png,pituitary,notumor
2,Training/pituitary/Tr-pi_1364.png,pituitary,pituitary
2,Training/pituitary/Tr-pi_1366.png,pituitary,pituitary
2,Training/pituitary/Tr-pi_1367.png,pituitary,pituitary
2,Training/pituitary/Tr-pi_1368.png,pituitary,pituitary
2,Training/pituitary/Tr-pi_1370.png,pituitary,pituitary
2,Training/pituitary/Tr-pi_1378.png,pituitary,pituitary
2,Training/pituitary/Tr-pi_1382.png,pituitary,pituitary
2,Training/pituitary/Tr-pi_1385.png,pituitary,pituitary
2,Training/pituitary/Tr-pi_1387.png,pituitary,pituitary
2,Training/pituitary/Tr-pi_154.png,pituitary,pituitary
2,Training/pituitary/Tr-pi_164.png,pituitary,pituitary
2,Training/pituitary/Tr-pi_166.png,pituitary,meningioma
2,Training/pituitary/Tr-pi_17.png,pituitary,pituitary
2,Training/pituitary/Tr-pi_18.png,pituitary,pituitary
2,Training/pituitary/Tr-pi_181.png,pituitary,pituitary
2,Training/pituitary/Tr-pi_183.png,pituitary,pituitary
2,Training/pituitary/Tr-pi_184.png,pituitary,pituitary
2,Training/pituitary/Tr-pi_187.png,pituitary,pituitary
2,Training/pituitary/Tr-pi_188.png,pituitary,pituitary
2,Training/pituitary/Tr-pi_19.png,pituitary,pituitary
2,Training/pituitary/Tr-pi_192.png,pituitary,pituitary
2,Training/pituitary/Tr-pi_200.png,pituitary,pituitary
2,Training/pituitary/Tr-pi_202.png,pituitary,pituitary
2,Training/pituitary/Tr-pi_205.png,pituitary,pituitary
2,Training/pituitary/Tr-pi_221.png,pituitary,pituitary
2,Training/pituitary/Tr-pi_224.png,pituitary,pituitary
2,Training/pituitary/Tr-pi_225.png,pituitary,pituitary
2,Training/pituitary/Tr-pi_227.png,pituitary,pituitary
2,Training/pituitary/Tr-pi_23.png,pituitary,pituitary
2,Training/pituitary/Tr-pi_239.png,pituitary,pituitary
2,Training/pituitary/Tr-pi_244.png,pituitary,pituitary
2,Training/pituitary/Tr-pi_251.png,pituitary,pituitary
2,Training/pituitary/Tr-pi_253.png,pituitary,pituitary
2,Training/pituitary/Tr-pi_262.png,pituitary,pituitary
2,Training/pituitary/Tr-pi_263.png,pituitary,pituitary
2,Training/pituitary/Tr-pi_264.png,pituitary,pituitary
2,Training/pituitary/Tr-pi_265.png,pituitary,pituitary
2,Training/pituitary/Tr-pi_285.png,pituitary,pituitary
2,Training/pituitary/Tr-pi_287.png,pituitary,pituitary
2,Training/pituitary/Tr-pi_301.png,pituitary,pituitary
2,Training/pituitary/Tr-pi_303.png,pituitary,pituitary
2,Training/pituitary/Tr-pi_306.png,pituitary,pituitary
2,Training/pituitary/Tr-pi_308.png,pituitary,pituitary
2,Training/pituitary/Tr-pi_316.png,pituitary,pituitary
2,Training/pituitary/Tr-pi_326.png,pituitary,pituitary
2,Training/pituitary/Tr-pi_329.png,pituitary,pituitary
2,Training/pituitary/Tr-pi_332.png,pituitary,pituitary
2,Training/pituitary/Tr-pi_338.png,pituitary,pituitary
2,Training/pituitary/Tr-pi_346.png,pituitary,pituitary
2,Training/pituitary/Tr-pi_349.png,pituitary,pituitary
2,Training/pituitary/Tr-pi_352.png,pituitary,pituitary
2,Training/pituitary/Tr-pi_354.png,pituitary,pituitary
2,Training/pituitary/Tr-pi_357.png,pituitary,pituitary
2,Training/pituitary/Tr-pi_362.png,pituitary,pituitary
2,Training/pituitary/Tr-pi_365.png,pituitary,pituitary
2,Training/pituitary/Tr-pi_366.png,pituitary,pituitary
2,Training/pituitary/Tr-pi_367.png,pituitary,pituitary
2,Training/pituitary/Tr-pi_375.png,pituitary,pituitary
2,Training/pituitary/Tr-pi_377.png,pituitary,pituitary
2,Training/pituitary/Tr-pi_38.png,pituitary,pituitary
2,Training/pituitary/Tr-pi_382.png,pituitary,glioma
2,Training/pituitary/Tr-pi_40.png,pituitary,pituitary
2,Training/pituitary/Tr-pi_404.png,pituitary,pituitary
2,Training/pituitary/Tr-pi_41.png,pituitary,pituitary
2,Training/pituitary/Tr-pi_411.png,pituitary,pituitary
2,Training/pituitary/Tr-pi_418.png,pituitary,pituitary
2,Training/pituitary/Tr-pi_42.png,pituitary,pituitary
2,Training/pituitary/Tr-pi_427.png,pituitary,pituitary
2,Training/pituitary/Tr-pi_428.png,pituitary,pituitary
2,Training/pituitary/Tr-pi_430.png,pituitary,pituitary
2,Training/pituitary/Tr-pi_431.png,pituitary,pituitary
2,Training/pituitary/Tr-pi_439.png,pituitary,pituitary
2,Training/pituitary/Tr-pi_440.png,pituitary,pituitary
2,Training/pituitary/Tr-pi_442.png,pituitary,pituitary
2,Training/pituitary/Tr-pi_445.png,pituitary,pituitary
2,Training/pituitary/Tr-pi_447.png,pituitary,pituitary
2,Training/pituitary/Tr-pi_461.png,pituitary,pituitary
2,Training/pituitary/Tr-pi_463.png,pituitary,pituitary
2,Training/pituitary/Tr-pi_466.png,pituitary,pituitary
2,Training/pituitary/Tr-pi_468.png,pituitary,pituitary
2,Training/pituitary/Tr-pi_47.png,pituitary,pituitary
2,Training/pituitary/Tr-pi_472.png,pituitary,pituitary
2,Training/pituitary/Tr-pi_479.png,pituitary,pituitary
2,Training/pituitary/Tr-pi_483.png,pituitary,pituitary
2,Training/pituitary/Tr-pi_499.png,pituitary,meningioma
2,Training/pituitary/Tr-pi_51.png,pituitary,pituitary
2,Training/pituitary/Tr-pi_515.png,pituitary,pituitary
2,Training/pituitary/Tr-pi_518.png,pituitary,pituitary
2,Training/pituitary/Tr-pi_52.png,pituitary,pituitary
2,Training/pituitary/Tr-pi_525.png,pituitary,pituitary
2,Training/pituitary/Tr-pi_527.png,pituitary,pituitary
2,Training/pituitary/Tr-pi_55.png,pituitary,meningioma
2,Training/pituitary/Tr-pi_553.png,pituitary,pituitary
2,Training/pituitary/Tr-pi_565.png,pituitary,pituitary
2,Training/pituitary/Tr-pi_566.png,pituitary,pituitary
2,Training/pituitary/Tr-pi_585.png,pituitary,pituitary
2,Training/pituitary/Tr-pi_589.png,pituitary,pituitary
2,Training/pituitary/Tr-pi_59.png,pituitary,pituitary
2,Training/pituitary/Tr-pi_591.png,pituitary,pituitary
2,Training/pituitary/Tr-pi_597.png,pituitary,pituitary
2,Training/pituitary/Tr-pi_608.png,pituitary,pituitary
2,Training/pituitary/Tr-pi_610.png,pituitary,pituitary
2,Training/pituitary/Tr-pi_623.png,pituitary,pituitary
2,Training/pituitary/Tr-pi_628.png,pituitary,pituitary
2,Training/pituitary/Tr-pi_637.png,pituitary,pituitary
2,Training/pituitary/Tr-pi_64.png,pituitary,pituitary
2,Training/pituitary/Tr-pi_655.png,pituitary,pituitary
2,Training/pituitary/Tr-pi_659.png,pituitary,pituitary
2,Training/pituitary/Tr-pi_662.png,pituitary,pituitary
2,Training/pituitary/Tr-pi_667.png,pituitary,pituitary
2,Training/pituitary/Tr-pi_670.png,pituitary,pituitary
2,Training/pituitary/Tr-pi_671.png,pituitary,pituitary
2,Training/pituitary/Tr-pi_675.png,pituitary,pituitary
2,Training/pituitary/Tr-pi_68.png,pituitary,pituitary
2,Training/pituitary/Tr-pi_681.png,pituitary,pituitary
2,Training/pituitary/Tr-pi_682.png,pituitary,pituitary
2,Training/pituitary/Tr-pi_684.png,pituitary,pituitary
2,Training/pituitary/Tr-pi_687.png,pituitary,pituitary
2,Training/pituitary/Tr-pi_695.png,pituitary,pituitary
2,Training/pituitary/Tr-pi_70.png,pituitary,pituitary
2,Training/pituitary/Tr-pi_704.png,pituitary,pituitary
2,Training/pituitary/Tr-pi_707.png,pituitary,pituitary
2,Training/pituitary/Tr-pi_71.png,pituitary,pituitary
2,Training/pituitary/Tr-pi_728.png,pituitary,pituitary
2,Training/pituitary/Tr-pi_729.png,pituitary,pituitary
2,Training/pituitary/Tr-pi_73.png,pituitary,pituitary
2,Training/pituitary/Tr-pi_731.png,pituitary,pituitary
2,Training/pituitary/Tr-pi_732.png,pituitary,pituitary
2,Training/pituitary/Tr-pi_736.png,pituitary,pituitary
2,Training/pituitary/Tr-pi_740.png,pituitary,pituitary
2,Training/pituitary/Tr-pi_750.png,pituitary,pituitary
2,Training/pituitary/Tr-pi_763.png,pituitary,pituitary
2,Training/pituitary/Tr-pi_765.png,pituitary,pituitary
2,Training/pituitary/Tr-pi_78.png,pituitary,pituitary
2,Training/pituitary/Tr-pi_782.png,pituitary,pituitary
2,Training/pituitary/Tr-pi_783.png,pituitary,pituitary
2,Training/pituitary/Tr-pi_784.png,pituitary,pituitary
2,Training/pituitary/Tr-pi_785.png,pituitary,pituitary
2,Training/pituitary/Tr-pi_792.png,pituitary,pituitary
2,Training/pituitary/Tr-pi_796.png,pituitary,pituitary
2,Training/pituitary/Tr-pi_797.png,pituitary,pituitary
2,Training/pituitary/Tr-pi_8.png,pituitary,pituitary
2,Training/pituitary/Tr-pi_80.png,pituitary,pituitary
2,Training/pituitary/Tr-pi_802.png,pituitary,pituitary
2,Training/pituitary/Tr-pi_806.png,pituitary,pituitary
2,Training/pituitary/Tr-pi_809.png,pituitary,pituitary
2,Training/pituitary/Tr-pi_814.png,pituitary,pituitary
2,Training/pituitary/Tr-pi_815.png,pituitary,pituitary
2,Training/pituitary/Tr-pi_823.png,pituitary,pituitary
2,Training/pituitary/Tr-pi_826.png,pituitary,pituitary
2,Training/pituitary/Tr-pi_831.png,pituitary,pituitary
2,Training/pituitary/Tr-pi_84.png,pituitary,pituitary
2,Training/pituitary/Tr-pi_847.png,pituitary,pituitary
2,Training/pituitary/Tr-pi_85.png,pituitary,pituitary
2,Training/pituitary/Tr-pi_856.png,pituitary,pituitary
2,Training/pituitary/Tr-pi_869.png,pituitary,pituitary
2,Training/pituitary/Tr-pi_870.png,pituitary,pituitary
2,Training/pituitary/Tr-pi_874.png,pituitary,pituitary
2,Training/pituitary/Tr-pi_88.png,pituitary,pituitary
2,Training/pituitary/Tr-pi_880.png,pituitary,pituitary
2,Training/pituitary/Tr-pi_884.png,pituitary,pituitary
2,Training/pituitary/Tr-pi_888.png,pituitary,pituitary
2,Training/pituitary/Tr-pi_891.png,pituitary,pituitary
2,Training/pituitary/Tr-pi_892.png,pituitary,pituitary
2,Training/pituitary/Tr-pi_894.png,pituitary,pituitary
2,Training/pituitary/Tr-pi_898.png,pituitary,pituitary
2,Training/pituitary/Tr-pi_90.png,pituitary,pituitary
2,Training/pituitary/Tr-pi_91.png,pituitary,meningioma
2,Training/pituitary/Tr-pi_913.png,pituitary,pituitary
2,Training/pituitary/Tr-pi_919.png,pituitary,pituitary
2,Training/pituitary/Tr-pi_92.png,pituitary,pituitary
2,Training/pituitary/Tr-pi_926.png,pituitary,pituitary
2,Training/pituitary/Tr-pi_929.png,pituitary,pituitary
2,Training/pituitary/Tr-pi_953.png,pituitary,pituitary
2,Training/pituitary/Tr-pi_957.png,pituitary,pituitary
2,Training/pituitary/Tr-pi_961.png,pituitary,pituitary
2,Training/pituitary/Tr-pi_962.png,pituitary,pituitary
2,Training/pituitary/Tr-pi_968.png,pituitary,pituitary
2,Training/pituitary/Tr-pi_970.png,pituitary,pituitary
2,Training/pituitary/Tr-pi_971.png,pituitary,pituitary
2,Training/pituitary/Tr-pi_972.png,pituitary,pituitary
2,Training/pituitary/Tr-pi_975.png,pituitary,pituitary
2,Training/pituitary/Tr-pi_976.png,pituitary,pituitary
2,Training/pituitary/Tr-pi_981.png,pituitary,pituitary
2,Training/pituitary/Tr-pi_982.png,pituitary,pituitary
2,Training/pituitary/Tr-pi_984.png,pituitary,pituitary
2,Training/pituitary/Tr-pi_99.png,pituitary,pituitary
2,Training/pituitary/Tr-pi_990.png,pituitary,pituitary
2,Training/pituitary/Tr-pi_997.png,pituitary,pituitary
3,Training/glioma/Tr-gl_1.png,glioma,glioma
3,Training/glioma/Tr-gl_10.png,glioma,pituitary
3,Training/glioma/Tr-gl_1002.png,glioma,glioma
3,Training/glioma/Tr-gl_1009.png,glioma,glioma
3,Training/glioma/Tr-gl_101.png,glioma,glioma
3,Training/glioma/Tr-gl_1013.png,glioma,glioma
3,Training/glioma/Tr-gl_1019.png,glioma,glioma
3,Training/glioma/Tr-gl_1025.png,glioma,glioma
3,Training/glioma/Tr-gl_1028.png,glioma,meningioma
3,Training/glioma/Tr-gl_1031.png,glioma,glioma
3,Training/glioma/Tr-gl_1040.png,glioma,glioma
3,Training/glioma/Tr-gl_1042.png,glioma,glioma
3,Training/glioma/Tr-gl_1043.png,glioma,glioma
3,Training/glioma/Tr-gl_1045.png,glioma,glioma
3,Training/glioma/Tr-gl_1048.png,glioma,glioma
3,Training/glioma/Tr-gl_105.png,glioma,meningioma
3,Training/glioma/Tr-gl_1063.png,glioma,glioma
3,Training/glioma/Tr-gl_1072.png,glioma,glioma
3,Training/glioma/Tr-gl_1073.png,glioma,glioma
3,Training/glioma/Tr-gl_1074.png,glioma,glioma
3,Training/glioma/Tr-gl_1090.png,glioma,glioma
3,Training/glioma/Tr-gl_1092.png,glioma,glioma
3,Training/glioma/Tr-gl_1093.png,glioma,glioma
3,Training/glioma/Tr-gl_1096.png,glioma,glioma
3,Training/glioma/Tr-gl_1097.png,glioma,glioma
3,Training/glioma/Tr-gl_1098.png,glioma,glioma
3,Training/glioma/Tr-gl_1108.png,glioma,glioma
3,Training/glioma/Tr-gl_1115.png,glioma,glioma
3,Training/glioma/Tr-gl_1116.png,glioma,glioma
3,Training/glioma/Tr-gl_1121.png,glioma,glioma
3,Training/glioma/Tr-gl_1122.png,glioma,glioma
3,Training/glioma/Tr-gl_1127.png,glioma,glioma
3,Training/glioma/Tr-gl_1132.png,glioma,glioma
3,Training/glioma/Tr-gl_1137.png,glioma,glioma
3,Training/glioma/Tr-gl_1140.png,glioma,meningioma
3,Training/glioma/Tr-gl_1149.png,glioma,glioma
3,Training/glioma/Tr-gl_115.png,glioma,meningioma
3,Training/glioma/Tr-gl_1150.png,glioma,glioma
3,Training/glioma/Tr-gl_1154.png,glioma,glioma
3,Training/glioma/Tr-gl_1156.png,glioma,glioma
3,Training/glioma/Tr-gl_1161.png,glioma,glioma
3,Training/glioma/Tr-gl_1162.png,glioma,glioma
3,Training/glioma/Tr-gl_1167.png,glioma,glioma
3,Training/glioma/Tr-gl_1180.png,glioma,glioma
3,Training/glioma/Tr-gl_1185.png,glioma,glioma
3,Training/glioma/Tr-gl_1193.png,glioma,meningioma
3,Training/glioma/Tr-gl_1194.png,glioma,glioma
3,Training/glioma/Tr-gl_1198.png,glioma,glioma
3,Training/glioma/Tr-gl_12.png,glioma,glioma
3,Training/glioma/Tr-gl_120.png,glioma,glioma
3,Training/glioma/Tr-gl_1205.png,glioma,glioma
3,Training/glioma/Tr-gl_1206.png,glioma,glioma
3,Training/glioma/Tr-gl_1207.png,glioma,glioma
3,Training/glioma/Tr-gl_1210.png,glioma,glioma
3,Training/glioma/Tr-gl_1211.png,glioma,meningioma
3,Training/glioma/Tr-gl_1221.png,glioma,glioma
3,Training/glioma/Tr-gl_1224.png,glioma,glioma
3,Training/glioma/Tr-gl_1227.png,glioma,meningioma
3,Training/glioma/Tr-gl_1228.png,glioma,glioma
3,Training/glioma/Tr-gl_1229.png,glioma,meningioma
3,Training/glioma/Tr-gl_1235.png,glioma,pituitary
3,Training/glioma/Tr-gl_1243.png,glioma,glioma
3,Training/glioma/Tr-gl_1244.png,glioma,glioma
3,Training/glioma/Tr-gl_1257.png,glioma,glioma
3,Training/glioma/Tr-gl_1264.png,glioma,glioma
3,Training/glioma/Tr-gl_1268.png,glioma,glioma
3,Training/glioma/Tr-gl_1270.png,glioma,glioma
3,Training/glioma/Tr-gl_1282.png,glioma,glioma
3,Training/glioma/Tr-gl_1286.png,glioma,glioma
3,Training/glioma/Tr-gl_1291.png,glioma,glioma
3,Training/glioma/Tr-gl_1310.png,glioma,glioma
3,Training/glioma/Tr-gl_1312.png,glioma,glioma
3,Training/glioma/Tr-gl_1332.png,glioma,glioma
3,Training/glioma/Tr-gl_1334.png,glioma,glioma
3,Training/glioma/Tr-gl_1335.png,glioma,meningioma
3,Training/glioma/Tr-gl_134.png,glioma,meningioma
3,Training/glioma/Tr-gl_1344.png,glioma,glioma
3,Training/glioma/Tr-gl_1347.png,glioma,glioma
3,Training/glioma/Tr-gl_1350.png,glioma,glioma
3,Training/glioma/Tr-gl_1354.png,glioma,glioma
3,Training/glioma/Tr-gl_1356.png,glioma,glioma
3,Training/glioma/Tr-gl_1358.png,glioma,glioma
3,Training/glioma/Tr-gl_1359.png,glioma,glioma
3,Training/glioma/Tr-gl_1360.png,glioma,glioma
3,Training/glioma/Tr-gl_1365.png,glioma,glioma
3,Training/glioma/Tr-gl_1368.png,glioma,glioma
3,Training/glioma/Tr-gl_1382.png,glioma,glioma
3,Training/glioma/Tr-gl_1385.png,glioma,glioma
3,Training/glioma/Tr-gl_139.png,glioma,glioma
3,Training/glioma/Tr-gl_1392.png,glioma,glioma
3,Training/glioma/Tr-gl_1395.png,glioma,glioma
3,Training/glioma/Tr-gl_142.png,glioma,pituitary
3,Training/glioma/Tr-gl_146.png,glioma,glioma
3,Training/glioma/Tr-gl_150.png,glioma,glioma
3,Training/glioma/Tr-gl_153.png,glioma,glioma
3,Training/glioma/Tr-gl_154.png,glioma,glioma
3,Training/glioma/Tr-gl_158.png,glioma,glioma
3,Training/glioma/Tr-gl_162.png,glioma,glioma
3,Training/glioma/Tr-gl_170.png,glioma,glioma
3,Training/glioma/Tr-gl_175.png,glioma,glioma
3,Training/glioma/Tr-gl_177.png,glioma,glioma
3,Training/glioma/Tr-gl_187.png,glioma,pituitary
3,Training/glioma/Tr-gl_189.png,glioma,glioma
3,Training/glioma/Tr-gl_20.png,glioma,glioma
3,Training/glioma/Tr-gl_206.png,glioma,meningioma
3,Training/glioma/Tr-gl_208.png,glioma,glioma
3,Training/glioma/Tr-gl_216.png,glioma,glioma
3,Training/glioma/Tr-gl_218.png,glioma,glioma
3,Training/glioma/Tr-gl_227.png,glioma,glioma
3,Training/glioma/Tr-gl_228.png,glioma,glioma
3,Training/glioma/Tr-gl_23.png,glioma,glioma
3,Training/glioma/Tr-gl_234.png,glioma,glioma
3,Training/glioma/Tr-gl_235.png,glioma,glioma
3,Training/glioma/Tr-gl_237.png,glioma,glioma
3,Training/glioma/Tr-gl_242.png,glioma,glioma
3,Training/glioma/Tr-gl_244.png,glioma,glioma
3,Training/glioma/Tr-gl_245.png,glioma,glioma
3,Training/glioma/Tr-gl_249.png,glioma,glioma
3,Training/glioma/Tr-gl_25.png,glioma,glioma
3,Training/glioma/Tr-gl_260.png,glioma,glioma
3,Training/glioma/Tr-gl_263.png,glioma,glioma
3,Training/glioma/Tr-gl_266.png,glioma,glioma
3,Training/glioma/Tr-gl_267.png,glioma,glioma
3,Training/glioma/Tr-gl_268.png,glioma,glioma
3,Training/glioma/Tr-gl_273.png,glioma,glioma
3,Training/glioma/Tr-gl_278.png,glioma,glioma
3,Training/glioma/Tr-gl_280.png,glioma,glioma
3,Training/glioma/Tr-gl_281.png,glioma,glioma
3,Training/glioma/Tr-gl_29.png,glioma,glioma
3,Training/glioma/Tr-gl_291.png,glioma,glioma
3,Training/glioma/Tr-gl_298.png,glioma,glioma
3,Training/glioma/Tr-gl_302.png,glioma,pituitary
3,Training/glioma/Tr-gl_306.png,glioma,glioma
3,Training/glioma/Tr-gl_312.png,glioma,glioma
3,Training/glioma/Tr-gl_313.png,glioma,glioma
3,Training/glioma/Tr-gl_320.png,glioma,glioma
3,Training/glioma/Tr-gl_326.png,glioma,glioma
3,Training/glioma/Tr-gl_329.png,glioma,glioma
3,Training/glioma/Tr-gl_33.png,glioma,meningioma
3,Training/glioma/Tr-gl_334.png,glioma,glioma
3,Training/glioma/Tr-gl_345.png,glioma,glioma
3,Training/glioma/Tr-gl_350.png,glioma,glioma
3,Training/glioma/Tr-gl_355.png,glioma,glioma
3,Training/glioma/Tr-gl_363.png,glioma,meningioma
3,Training/glioma/Tr-gl_367.png,glioma,glioma
3,Training/glioma/Tr-gl_368.png,glioma,glioma
3,Training/glioma/Tr-gl_371.png,glioma,glioma
3,Training/glioma/Tr-gl_374.png,glioma,glioma
3,Training/glioma/Tr-gl_390.png,glioma,glioma
3,Training/glioma/Tr-gl_392.png,glioma,meningioma
3,Training/glioma/Tr-gl_398.png,glioma,glioma
3,Training/glioma/Tr-gl_402.png,glioma,glioma
3,Training/glioma/Tr-gl_406.png,glioma,glioma
3,Training/glioma/Tr-gl_41.png,glioma,glioma
3,Training/glioma/Tr-gl_413.png,glioma,meningioma
3,Training/glioma/Tr-gl_424.png,glioma,glioma
3,Training/glioma/Tr-gl_441.png,glioma,glioma
3,Training/glioma/Tr-gl_46.png,glioma,meningioma
3,Training/glioma/Tr-gl_468.png,glioma,pituitary
3,Training/glioma/Tr-gl_472.png,glioma,glioma
3,Training/glioma/Tr-gl_476.png,glioma,meningioma
3,Training/glioma/Tr-gl_497.png,glioma,glioma
3,Training/glioma/Tr-gl_503.png,glioma,glioma
3,Training/glioma/Tr-gl_504.png,glioma,glioma
3,Training/glioma/Tr-gl_505.png,glioma,glioma
3,Training/glioma/Tr-gl_508.png,glioma,glioma
3,Training/glioma/Tr-gl_516.png,glioma,glioma
3,Training/glioma/Tr-gl_519.png,glioma,glioma
3,Training/glioma/Tr-gl_533.png,glioma,glioma
3,Training/glioma/Tr-gl_534.png,glioma,glioma
3,Training/glioma/Tr-gl_549.png,glioma,glioma
3,Training/glioma/Tr-gl_558.png,glioma,glioma
3,Training/glioma/Tr-gl_561.png,glioma,glioma
3,Training/glioma/Tr-gl_563.png,glioma,glioma
3,Training/glioma/Tr-gl_568.png,glioma,glioma
3,Training/glioma/Tr-gl_569.png,glioma,glioma
3,Training/glioma/Tr-gl_574.png,glioma,glioma
3,Training/glioma/Tr-gl_575.png,glioma,meningioma
3,Training/glioma/Tr-gl_577.png,glioma,glioma
3,Training/glioma/Tr-gl_584.png,glioma,glioma
3,Training/glioma/Tr-gl_587.png,glioma,glioma
3,Training/glioma/Tr-gl_59.png,glioma,glioma
3,Training/glioma/Tr-gl_591.png,glioma,glioma
3,Training/glioma/Tr-gl_597.png,glioma,glioma
3,Training/glioma/Tr-gl_609.png,glioma,glioma
3,Training/glioma/Tr-gl_61.png,glioma,glioma
3,Training/glioma/Tr-gl_613.png,glioma,glioma
3,Training/glioma/Tr-gl_618.png,glioma,glioma
3,Training/glioma/Tr-gl_619.png,glioma,glioma
3,Training/glioma/Tr-gl_632.png,glioma,glioma
3,Training/glioma/Tr-gl_633.png,glioma,glioma
3,Training/glioma/Tr-gl_641.png,glioma,glioma
3,Training/glioma/Tr-gl_642.png,glioma,glioma
3,Training/glioma/Tr-gl_644.png,glioma,glioma
3,Training/glioma/Tr-gl_647.png,glioma,glioma
3,Training/glioma/Tr-gl_65.png,glioma,glioma
3,Training/glioma/Tr-gl_662.png,glioma,glioma
3,Training/glioma/Tr-gl_667.png,glioma,glioma
3,Training/glioma/Tr-gl_668.png,glioma,glioma
3,Training/glioma/Tr-gl_669.png,glioma,glioma
3,Training/glioma/Tr-gl_672.png,glioma,glioma
3,Training/glioma/Tr-gl_674.png,glioma,glioma
3,Training/glioma/Tr-gl_676.png,glioma,glioma
3,Training/glioma/Tr-gl_678.png,glioma,glioma
3,Training/glioma/Tr-gl_679.png,glioma,glioma
3,Training/glioma/Tr-gl_680.png,glioma,glioma
3,Training/glioma/Tr-gl_681.png,glioma,glioma
3,Training/glioma/Tr-gl_684.png,glioma,glioma
3,Training/glioma/Tr-gl_686.png,glioma,glioma
3,Training/glioma/Tr-gl_691.png,glioma,glioma
3,Training/glioma/Tr-gl_699.png,glioma,glioma
3,Training/glioma/Tr-gl_703.png,glioma,glioma
3,Training/glioma/Tr-gl_706.png,glioma,glioma
3,Training/glioma/Tr-gl_707.png,glioma,glioma
3,Training/glioma/Tr-gl_71.png,glioma,glioma
3,Training/glioma/Tr-gl_714.png,glioma,glioma
3,Training/glioma/Tr-gl_717.png,glioma,glioma
3,Training/glioma/Tr-gl_721.png,glioma,meningioma
3,Training/glioma/Tr-gl_724.png,glioma,glioma
3,Training/glioma/Tr-gl_729.png,glioma,glioma
3,Training/glioma/Tr-gl_73.png,glioma,glioma
3,Training/glioma/Tr-gl_730.png,glioma,glioma
3,Training/glioma/Tr-gl_74.png,glioma,meningioma
3,Training/glioma/Tr-gl_752.png,glioma,glioma
3,Training/glioma/Tr-gl_759.png,glioma,glioma
3,Training/glioma/Tr-gl_765.png,glioma,meningioma
3,Training/glioma/Tr-gl_77.png,glioma,meningioma
3,Training/glioma/Tr-gl_771.png,glioma,meningioma
3,Training/glioma/Tr-gl_775.png,glioma,glioma
3,Training/glioma/Tr-gl_778.png,glioma,glioma
3,Training/glioma/Tr-gl_787.png,glioma,glioma
3,Training/glioma/Tr-gl_803.png,glioma,glioma
3,Training/glioma/Tr-gl_809.png,glioma,pituitary
3,Training/glioma/Tr-gl_82.png,glioma,glioma
3,Training/glioma/Tr-gl_823.png,glioma,meningioma
3,Training/glioma/Tr-gl_825.png,glioma,glioma
3,Training/glioma/Tr-gl_835.png,glioma,glioma
3,Training/glioma/Tr-gl_842.png,glioma,glioma
3,Training/glioma/Tr-gl_845.png,glioma,glioma
3,Training/glioma/Tr-gl_851.png,glioma,glioma
3,Training/glioma/Tr-gl_854.png,glioma,glioma
3,Training/glioma/Tr-gl_855.png,glioma,glioma
3,Training/glioma/Tr-gl_857.png,glioma,glioma
3,Training/glioma/Tr-gl_858.png,glioma,glioma
3,Training/glioma/Tr-gl_860.png,glioma,glioma
3,Training/glioma/Tr-gl_861.png,glioma,glioma
3,Training/glioma/Tr-gl_864.png,glioma,glioma
3,Training/glioma/Tr-gl_865.png,glioma,pituitary
3,Training/glioma/Tr-gl_871.png,glioma,glioma
3,Training/glioma/Tr-gl_876.png,glioma,glioma
3,Training/glioma/Tr-gl_878.png,glioma,glioma
3,Training/glioma/Tr-gl_883.png,glioma,glioma
3,Training/glioma/Tr-gl_886.png,glioma,meningioma
3,Training/glioma/Tr-gl_89.png,glioma,glioma
3,Training/glioma/Tr-gl_890.png,glioma,glioma
3,Training/glioma/Tr-gl_892.png,glioma,glioma
3,Training/glioma/Tr-gl_893.png,glioma,pituitary
3,Training/glioma/Tr-gl_895.png,glioma,glioma
3,Training/glioma/Tr-gl_90.png,glioma,glioma
3,Training/glioma/Tr-gl_91.png,glioma,glioma
3,Training/glioma/Tr-gl_912.png,glioma,meningioma
3,Training/glioma/Tr-gl_921.png,glioma,glioma
3,Training/glioma/Tr-gl_923.png,glioma,pituitary
3,Training/glioma/Tr-gl_927.png,glioma,pituitary
3,Training/glioma/Tr-gl_932.png,glioma,glioma
3,Training/glioma/Tr-gl_937.png,glioma,glioma
3,Training/glioma/Tr-gl_939.png,glioma,glioma
3,Training/glioma/Tr-gl_940.png,glioma,glioma
3,Training/glioma/Tr-gl_946.png,glioma,glioma
3,Training/glioma/Tr-gl_950.png,glioma,glioma
3,Training/glioma/Tr-gl_951.png,glioma,glioma
3,Training/glioma/Tr-gl_955.png,glioma,glioma
3,Training/glioma/Tr-gl_960.png,glioma,glioma
3,Training/glioma/Tr-gl_962.png,glioma,meningioma
3,Training/glioma/Tr-gl_964.png,glioma,glioma
3,Training/glioma/Tr-gl_966.png,glioma,glioma
3,Training/glioma/Tr-gl_97.png,glioma,glioma
3,Training/glioma/Tr-gl_974.png,glioma,glioma
3,Training/glioma/Tr-gl_983.png,glioma,glioma
3,Training/glioma/Tr-gl_985.png,glioma,meningioma
3,Training/meningioma/Tr-aug-me_100.png,meningioma,meningioma
3,Training/meningioma/Tr-aug-me_17.png,meningioma,pituitary
3,Training/meningioma/Tr-aug-me_18.png,meningioma,glioma
3,Training/meningioma/Tr-aug-me_26.png,meningioma,glioma
3,Training/meningioma/Tr-aug-me_3.png,meningioma,meningioma
3,Training/meningioma/Tr-aug-me_33.png,meningioma,meningioma
3,Training/meningioma/Tr-aug-me_44.png,meningioma,meningioma
3,Training/meningioma/Tr-aug-me_46.png,meningioma,pituitary
3,Training/meningioma/Tr-aug-me_48.png,meningioma,meningioma
3,Training/meningioma/Tr-aug-me_53.png,meningioma,pituitary
3,Training/meningioma/Tr-aug-me_70.png,meningioma,pituitary
3,Training/meningioma/Tr-aug-me_84.png,meningioma,pituitary
3,Training/meningioma/Tr-aug-me_97.png,meningioma,meningioma
3,Training/meningioma/Tr-me_1009.png,meningioma,meningioma
3,Training/meningioma/Tr-me_102.png,meningioma,meningioma
3,Training/meningioma/Tr-me_1021.png,meningioma,glioma
3,Training/meningioma/Tr-me_1022.png,meningioma,glioma
3,Training/meningioma/Tr-me_1028.png,meningioma,glioma
3,Training/meningioma/Tr-me_1029.png,meningioma,pituitary
3,Training/meningioma/Tr-me_104.png,meningioma,glioma
3,Training/meningioma/Tr-me_1041.png,meningioma,meningioma
3,Training/meningioma/Tr-me_1051.png,meningioma,meningioma
3,Training/meningioma/Tr-me_1052.png,meningioma,meningioma
3,Training/meningioma/Tr-me_1053.png,meningioma,meningioma
3,Training/meningioma/Tr-me_106.png,meningioma,glioma
3,Training/meningioma/Tr-me_107.png,meningioma,meningioma
3,Training/meningioma/Tr-me_1071.png,meningioma,meningioma
3,Training/meningioma/Tr-me_108.png,meningioma,pituitary
3,Training/meningioma/Tr-me_1085.png,meningioma,meningioma
3,Training/meningioma/Tr-me_1086.png,meningioma,meningioma
3,Training/meningioma/Tr-me_1089.png,meningioma,meningioma
3,Training/meningioma/Tr-me_109.png,meningioma,notumor
3,Training/meningioma/Tr-me_1093.png,meningioma,glioma
3,Training/meningioma/Tr-me_1094.png,meningioma,meningioma
3,Training/meningioma/Tr-me_1096.png,meningioma,meningioma
3,Training/meningioma/Tr-me_1098.png,meningioma,meningioma
3,Training/meningioma/Tr-me_1101.png,meningioma,meningioma
3,Training/meningioma/Tr-me_1103.png,meningioma,meningioma
3,Training/meningioma/Tr-me_1106.png,meningioma,meningioma
3,Training/meningioma/Tr-me_1110.png,meningioma,notumor
3,Training/meningioma/Tr-me_1115.png,meningioma,meningioma
3,Training/meningioma/Tr-me_1122.png,meningioma,notumor
3,Training/meningioma/Tr-me_1124.png,meningioma,meningioma
3,Training/meningioma/Tr-me_1133.png,meningioma,meningioma
3,Training/meningioma/Tr-me_1134.png,meningioma,glioma
3,Training/meningioma/Tr-me_1137.png,meningioma,meningioma
3,Training/meningioma/Tr-me_1138.png,meningioma,meningioma
3,Training/meningioma/Tr-me_1140.png,meningioma,meningioma
3,Training/meningioma/Tr-me_1146.png,meningioma,meningioma
3,Training/meningioma/Tr-me_1147.png,meningioma,meningioma
3,Training/meningioma/Tr-me_1160.png,meningioma,glioma
3,Training/meningioma/Tr-me_1169.png,meningioma,meningioma
3,Training/meningioma/Tr-me_1174.png,meningioma,meningioma
3,Training/meningioma/Tr-me_1186.png,meningioma,meningioma
3,Training/meningioma/Tr-me_120.png,meningioma,meningioma
3,Training/meningioma/Tr-me_1201.png,meningioma,meningioma
3,Training/meningioma/Tr-me_1205.png,meningioma,meningioma
3,Training/meningioma/Tr-me_1211.png,meningioma,glioma
3,Training/meningioma/Tr-me_1213.png,meningioma,meningioma
3,Training/meningioma/Tr-me_1218.png,meningioma,meningioma
3,Training/meningioma/Tr-me_1226.png,meningioma,meningioma
3,Training/meningioma/Tr-me_1228.png,meningioma,meningioma
3,Training/meningioma/Tr-me_1233.png,meningioma,meningioma
3,Training/meningioma/Tr-me_1237.png,meningioma,meningioma
3,Training/meningioma/Tr-me_1242.png,meningioma,meningioma
3,Training/meningioma/Tr-me_125.png,meningioma,meningioma
3,Training/meningioma/Tr-me_1252.png,meningioma,glioma
3,Training/meningioma/Tr-me_1253.png,meningioma,meningioma
3,Training/meningioma/Tr-me_1257.png,meningioma,meningioma
3,Training/meningioma/Tr-me_1260.png,meningioma,meningioma
3,Training/meningioma/Tr-me_1265.png,meningioma,meningioma
3,Training/meningioma/Tr-me_1269.png,meningioma,pituitary
3,Training/meningioma/Tr-me_1277.png,meningioma,meningioma
3,Training/meningioma/Tr-me_1289.png,meningioma,glioma
3,Training/meningioma/Tr-me_1290.png,meningioma,notumor
3,Training/meningioma/Tr-me_1291.png,meningioma,meningioma
3,Training/meningioma/Tr-me_1292.png,meningioma,meningioma
3,Training/meningioma/Tr-me_131.png,meningioma,glioma
3,Training/meningioma/Tr-me_134.png,meningioma,meningioma
3,Training/meningioma/Tr-me_138.png,meningioma,meningioma
3,Training/meningioma/Tr-me_141.png,meningioma,meningioma
3,Training/meningioma/Tr-me_146.png,meningioma,meningioma
3,Training/meningioma/Tr-me_149.png,meningioma,meningioma
3,Training/meningioma/Tr-me_16.png,meningioma,meningioma
3,Training/meningioma/Tr-me_162.png,meningioma,meningioma
3,Training/meningioma/Tr-me_165.png,meningioma,meningioma
3,Training/meningioma/Tr-me_167.png,meningioma,meningioma
3,Training/meningioma/Tr-me_17.png,meningioma,meningioma
3,Training/meningioma/Tr-me_173.png,meningioma,meningioma
3,Training/meningioma/Tr-me_179.png,meningioma,meningioma
3,Training/meningioma/Tr-me_181.png,meningioma,glioma
3,Training/meningioma/Tr-me_185.png,meningioma,meningioma
3,Training/meningioma/Tr-me_192.png,meningioma,meningioma
3,Training/meningioma/Tr-me_196.png,meningioma,meningioma
3,Training/meningioma/Tr-me_198.png,meningioma,meningioma
3,Training/meningioma/Tr-me_2.png,meningioma,meningioma
3,Training/meningioma/Tr-me_208.png,meningioma,meningioma
3,Training/meningioma/Tr-me_209.png,meningioma,meningioma
3,Training/meningioma/Tr-me_213.png,meningioma,meningioma
3,Training/meningioma/Tr-me_223.png,meningioma,meningioma
3,Training/meningioma/Tr-me_237.png,meningioma,meningioma
3,Training/meningioma/Tr-me_238.png,meningioma,meningioma
3,Training/meningioma/Tr-me_24.png,meningioma,meningioma
3,Training/meningioma/Tr-me_240.png,meningioma,meningioma
3,Training/meningioma/Tr-me_243.png,meningioma,meningioma
3,Training/meningioma/Tr-me_25.png,meningioma,glioma
3,Training/meningioma/Tr-me_251.png,meningioma,meningioma
3,Training/meningioma/Tr-me_258.png,meningioma,meningioma
3,Training/meningioma/Tr-me_260.png,meningioma,meningioma
3,Training/meningioma/Tr-me_270.png,meningioma,meningioma
3,Training/meningioma/Tr-me_278.png,meningioma,meningioma
3,Training/meningioma/Tr-me_280.png,meningioma,glioma
3,Training/meningioma/Tr-me_282.png,meningioma,meningioma
3,Training/meningioma/Tr-me_285.png,meningioma,meningioma
3,Training/meningioma/Tr-me_29.png,meningioma,pituitary
3,Training/meningioma/Tr-me_303.png,meningioma,meningioma
3,Training/meningioma/Tr-me_309.png,meningioma,pituitary
3,Training/meningioma/Tr-me_310.png,meningioma,glioma
3,Training/meningioma/Tr-me_313.png,meningioma,meningioma
3,Training/meningioma/Tr-me_320.png,meningioma,meningioma
3,Training/meningioma/Tr-me_321.png,meningioma,meningioma
3,Training/meningioma/Tr-me_324.png,meningioma,meningioma
3,Training/meningioma/Tr-me_325.png,meningioma,meningioma
3,Training/meningioma/Tr-me_326.png,meningioma,meningioma
3,Training/meningioma/Tr-me_328.png,meningioma,meningioma
3,Training/meningioma/Tr-me_331.png,meningioma,meningioma
3,Training/meningioma/Tr-me_334.png,meningioma,meningioma
3,Training/meningioma/Tr-me_335.png,meningioma,meningioma
3,Training/meningioma/Tr-me_336.png,meningioma,pituitary
3,Training/meningioma/Tr-me_339.png,meningioma,meningioma
3,Training/meningioma/Tr-me_34.png,meningioma,meningioma
3,Training/meningioma/Tr-me_340.png,meningioma,pituitary
3,Training/meningioma/Tr-me_346.png,meningioma,meningioma
3,Training/meningioma/Tr-me_347.png,meningioma,pituitary
3,Training/meningioma/Tr-me_354.png,meningioma,meningioma
3,Training/meningioma/Tr-me_355.png,meningioma,pituitary
3,Training/meningioma/Tr-me_36.png,meningioma,glioma
3,Training/meningioma/Tr-me_361.png,meningioma,meningioma
3,Training/meningioma/Tr-me_369.png,meningioma,glioma
3,Training/meningioma/Tr-me_370.png,meningioma,meningioma
3,Training/meningioma/Tr-me_373.png,meningioma,meningioma
3,Training/meningioma/Tr-me_374.png,meningioma,meningioma
3,Training/meningioma/Tr-me_378.png,meningioma,meningioma
3,Training/meningioma/Tr-me_38.png,meningioma,meningioma
3,Training/meningioma/Tr-me_387.png,meningioma,meningioma
3,Training/meningioma/Tr-me_4.png,meningioma,pituitary
3,Training/meningioma/Tr-me_40.png,meningioma,meningioma
3,Training/meningioma/Tr-me_41.png,meningioma,meningioma
3,Training/meningioma/Tr-me_411.png,meningioma,meningioma
3,Training/meningioma/Tr-me_412.png,meningioma,meningioma
3,Training/meningioma/Tr-me_419.png,meningioma,meningioma
3,Training/meningioma/Tr-me_421.png,meningioma,notumor
3,Training/meningioma/Tr-me_427.png,meningioma,meningioma
3,Training/meningioma/Tr-me_429.png,meningioma,meningioma
3,Training/meningioma/Tr-me_433.png,meningioma,meningioma
3,Training/meningioma/Tr-me_441.png,meningioma,meningioma
3,Training/meningioma/Tr-me_447.png,meningioma,meningioma
3,Training/meningioma/Tr-me_45.png,meningioma,meningioma
3,Training/meningioma/Tr-me_456.png,meningioma,meningioma
3,Training/meningioma/Tr-me_457.png,meningioma,meningioma
3,Training/meningioma/Tr-me_459.png,meningioma,meningioma
3,Training/meningioma/Tr-me_461.png,meningioma,meningioma
3,Training/meningioma/Tr-me_467.png,meningioma,meningioma
3,Training/meningioma/Tr-me_47.png,meningioma,meningioma
3,Training/meningioma/Tr-me_470.png,meningioma,meningioma
3,Training/meningioma/Tr-me_471.png,meningioma,meningioma
3,Training/meningioma/Tr-me_474.png,meningioma,meningioma
3,Training/meningioma/Tr-me_479.png,meningioma,meningioma
3,Training/meningioma/Tr-me_482.png,meningioma,glioma
3,Training/meningioma/Tr-me_483.png,meningioma,meningioma
3,Training/meningioma/Tr-me_487.png,meningioma,meningioma
3,Training/meningioma/Tr-me_494.png,meningioma,meningioma
3,Training/meningioma/Tr-me_496.png,meningioma,meningioma
3,Training/meningioma/Tr-me_499.png,meningioma,meningioma
3,Training/meningioma/Tr-me_500.png,meningioma,meningioma
3,Training/meningioma/Tr-me_505.png,meningioma,meningioma
3,Training/meningioma/Tr-me_511.png,meningioma,meningioma
3,Training/meningioma/Tr-me_513.png,meningioma,glioma
3,Training/meningioma/Tr-me_515.png,meningioma,meningioma
3,Training/meningioma/Tr-me_524.png,meningioma,meningioma
3,Training/meningioma/Tr-me_530.png,meningioma,meningioma
3,Training/meningioma/Tr-me_536.png,meningioma,meningioma
3,Training/meningioma/Tr-me_539.png,meningioma,meningioma
3,Training/meningioma/Tr-me_54.png,meningioma,glioma
3,Training/meningioma/Tr-me_555.png,meningioma,meningioma
3,Training/meningioma/Tr-me_563.png,meningioma,meningioma
3,Training/meningioma/Tr-me_567.png,meningioma,meningioma
3,Training/meningioma/Tr-me_577.png,meningioma,meningioma
3,Training/meningioma/Tr-me_581.png,meningioma,meningioma
3,Training/meningioma/Tr-me_583.png,meningioma,meningioma
3,Training/meningioma/Tr-me_586.png,meningioma,meningioma
3,Training/meningioma/Tr-me_588.png,meningioma,meningioma
3,Training/meningioma/Tr-me_598.png,meningioma,meningioma
3,Training/meningioma/Tr-me_60.png,meningioma,meningioma
3,Training/meningioma/Tr-me_600.png,meningioma,meningioma
3,Training/meningioma/Tr-me_607.png,meningioma,glioma
3,Training/meningioma/Tr-me_608.png,meningioma,meningioma
3,Training/meningioma/Tr-me_610.png,meningioma,meningioma
3,Training/meningioma/Tr-me_611.png,meningioma,meningioma
3,Training/meningioma/Tr-me_618.png,meningioma,meningioma
3,Training/meningioma/Tr-me_63.png,meningioma,meningioma
3,Training/meningioma/Tr-me_630.png,meningioma,meningioma
3,Training/meningioma/Tr-me_637.png,meningioma,notumor
3,Training/meningioma/Tr-me_639.png,meningioma,meningioma
3,Training/meningioma/Tr-me_643.png,meningioma,meningioma
3,Training/meningioma/Tr-me_650.png,meningioma,meningioma
3,Training/meningioma/Tr-me_652.png,meningioma,glioma
3,Training/meningioma/Tr-me_655.png,meningioma,meningioma
3,Training/meningioma/Tr-me_657.png,meningioma,meningioma
3,Training/meningioma/Tr-me_661.png,meningioma,glioma
3,Training/meningioma/Tr-me_667.png,meningioma,meningioma
3,Training/meningioma/Tr-me_67.png,meningioma,meningioma
3,Training/meningioma/Tr-me_674.png,meningioma,meningioma
3,Training/meningioma/Tr-me_676.png,meningioma,meningioma
3,Training/meningioma/Tr-me_686.png,meningioma,pituitary
3,Training/meningioma/Tr-me_690.png,meningioma,meningioma
3,Training/meningioma/Tr-me_694.png,meningioma,meningioma
3,Training/meningioma/Tr-me_696.png,meningioma,meningioma
3,Training/meningioma/Tr-me_697.png,meningioma,glioma
3,Training/meningioma/Tr-me_705.png,meningioma,meningioma
3,Training/meningioma/Tr-me_719.png,meningioma,meningioma
3,Training/meningioma/Tr-me_738.png,meningioma,meningioma
3,Training/meningioma/Tr-me_739.png,meningioma,meningioma
3,Training/meningioma/Tr-me_741.png,meningioma,notumor
3,Training/meningioma/Tr-me_744.png,meningioma,meningioma
3,Training/meningioma/Tr-me_748.png,meningioma,pituitary
3,Training/meningioma/Tr-me_75.png,meningioma,meningioma
3,Training/meningioma/Tr-me_750.png,meningioma,meningioma
3,Training/meningioma/Tr-me_753.png,meningioma,meningioma
3,Training/meningioma/Tr-me_757.png,meningioma,pituitary
3,Training/meningioma/Tr-me_76.png,meningioma,meningioma
3,Training/meningioma/Tr-me_764.png,meningioma,meningioma
3,Training/meningioma/Tr-me_77.png,meningioma,meningioma
3,Training/meningioma/Tr-me_774.png,meningioma,meningioma
3,Training/meningioma/Tr-me_78.png,meningioma,pituitary
3,Training/meningioma/Tr-me_786.png,meningioma,meningioma
3,Training/meningioma/Tr-me_787.png,meningioma,meningioma
3,Training/meningioma/Tr-me_802.png,meningioma,meningioma
3,Training/meningioma/Tr-me_809.png,meningioma,meningioma
3,Training/meningioma/Tr-me_82.png,meningioma,pituitary
3,Training/meningioma/Tr-me_820.png,meningioma,pituitary
3,Training/meningioma/Tr-me_822.png,meningioma,meningioma
3,Training/meningioma/Tr-me_823.png,meningioma,meningioma
3,Training/meningioma/Tr-me_835.png,meningioma,meningioma
3,Training/meningioma/Tr-me_842.png,meningioma,meningioma
3,Training/meningioma/Tr-me_844.png,meningioma,meningioma
3,Training/meningioma/Tr-me_848.png,meningioma,meningioma
3,Training/meningioma/Tr-me_858.png,meningioma,meningioma
3,Training/meningioma/Tr-me_861.png,meningioma,meningioma
3,Training/meningioma/Tr-me_865.png,meningioma,meningioma
3,Training/meningioma/Tr-me_866.png,meningioma,glioma
3,Training/meningioma/Tr-me_87.png,meningioma,meningioma
3,Training/meningioma/Tr-me_877.png,meningioma,notumor
3,Training/meningioma/Tr-me_878.png,meningioma,meningioma
3,Training/meningioma/Tr-me_886.png,meningioma,pituitary
3,Training/meningioma/Tr-me_892.png,meningioma,meningioma
3,Training/meningioma/Tr-me_894.png,meningioma,meningioma
3,Training/meningioma/Tr-me_91.png,meningioma,glioma
3,Training/meningioma/Tr-me_913.png,meningioma,meningioma
3,Training/meningioma/Tr-me_916.png,meningioma,meningioma
3,Training/meningioma/Tr-me_920.png,meningioma,pituitary
3,Training/meningioma/Tr-me_927.png,meningioma,meningioma
3,Training/meningioma/Tr-me_930.png,meningioma,meningioma
3,Training/meningioma/Tr-me_931.png,meningioma,meningioma
3,Training/meningioma/Tr-me_936.png,meningioma,glioma
3,Training/meningioma/Tr-me_939.png,meningioma,meningioma
3,Training/meningioma/Tr-me_944.png,meningioma,meningioma
3,Training/meningioma/Tr-me_945.png,meningioma,meningioma
3,Training/meningioma/Tr-me_951.png,meningioma,meningioma
3,Training/meningioma/Tr-me_952.png,meningioma,pituitary
3,Training/meningioma/Tr-me_958.png,meningioma,meningioma
3,Training/meningioma/Tr-me_96.png,meningioma,meningioma
3,Training/meningioma/Tr-me_961.png,meningioma,meningioma
3,Training/meningioma/Tr-me_969.png,meningioma,meningioma
3,Training/meningioma/Tr-me_977.png,meningioma,meningioma
3,Training/meningioma/Tr-me_978.png,meningioma,meningioma
3,Training/meningioma/Tr-me_983.png,meningioma,meningioma
3,Training/meningioma/Tr-me_987.png,meningioma,meningioma
3,Training/meningioma/Tr-me_991.png,meningioma,meningioma
3,Training/meningioma/Tr-me_998.png,meningioma,meningioma
3,Training/notumor/Tr-no_1000.png,notumor,notumor
3,Training/notumor/Tr-no_1003.png,notumor,notumor
3,Training/notumor/Tr-no_1006.png,notumor,notumor
3,Training/notumor/Tr-no_1010.png,notumor,notumor
3,Training/notumor/Tr-no_102.png,notumor,notumor
3,Training/notumor/Tr-no_1029.png,notumor,notumor
3,Training/notumor/Tr-no_1043.png,notumor,notumor
3,Training/notumor/Tr-no_1044.png,notumor,notumor
3,Training/notumor/Tr-no_1077.png,notumor,notumor
3,Training/notumor/Tr-no_1084.png,notumor,notumor
3,Training/notumor/Tr-no_1085.png,notumor,notumor
3,Training/notumor/Tr-no_1106.png,notumor,notumor
3,Training/notumor/Tr-no_1117.png,notumor,notumor
3,Training/notumor/Tr-no_1136.png,notumor,notumor
3,Training/notumor/Tr-no_1138.png,notumor,notumor
3,Training/notumor/Tr-no_1145.png,notumor,notumor
3,Training/notumor/Tr-no_1146.png,notumor,notumor
3,Training/notumor/Tr-no_1148.png,notumor,notumor
3,Training/notumor/Tr-no_1149.png,notumor,notumor
3,Training/notumor/Tr-no_115.png,notumor,notumor
3,Training/notumor/Tr-no_1153.png,notumor,notumor
3,Training/notumor/Tr-no_1154.png,notumor,notumor
3,Training/notumor/Tr-no_1168.png,notumor,notumor
3,Training/notumor/Tr-no_1171.png,notumor,notumor
3,Training/notumor/Tr-no_1177.png,notumor,notumor
3,Training/notumor/Tr-no_1179.png,notumor,notumor
3,Training/notumor/Tr-no_1181.png,notumor,notumor
3,Training/notumor/Tr-no_1182.png,notumor,notumor
3,Training/notumor/Tr-no_1183.png,notumor,notumor
3,Training/notumor/Tr-no_1187.png,notumor,notumor
3,Training/notumor/Tr-no_1190.png,notumor,notumor
3,Training/notumor/Tr-no_1193.png,notumor,notumor
3,Training/notumor/Tr-no_1197.png,notumor,meningioma
3,Training/notumor/Tr-no_12.png,notumor,notumor
3,Training/notumor/Tr-no_120.png,notumor,notumor
3,Training/notumor/Tr-no_1205.png,notumor,notumor
3,Training/notumor/Tr-no_1206.png,notumor,notumor
3,Training/notumor/Tr-no_1207.png,notumor,notumor
3,Training/notumor/Tr-no_1208.png,notumor,notumor
3,Training/notumor/Tr-no_1212.png,notumor,notumor
3,Training/notumor/Tr-no_1222.png,notumor,notumor
3,Training/notumor/Tr-no_123.png,notumor,notumor
3,Training/notumor/Tr-no_1231.png,notumor,notumor
3,Training/notumor/Tr-no_1237.png,notumor,notumor
3,Training/notumor/Tr-no_1239.png,notumor,notumor
3,Training/notumor/Tr-no_1240.png,notumor,notumor
3,Training/notumor/Tr-no_1242.png,notumor,notumor
3,Training/notumor/Tr-no_1246.png,notumor,notumor
3,Training/notumor/Tr-no_1248.png,notumor,notumor
3,Training/notumor/Tr-no_1264.png,notumor,glioma
3,Training/notumor/Tr-no_1273.png,notumor,notumor
3,Training/notumor/Tr-no_1274.png,notumor,notumor
3,Training/notumor/Tr-no_1281.png,notumor,notumor
3,Training/notumor/Tr-no_1284.png,notumor,notumor
3,Training/notumor/Tr-no_1292.png,notumor,notumor
3,Training/notumor/Tr-no_1302.png,notumor,notumor
3,Training/notumor/Tr-no_131.png,notumor,notumor
3,Training/notumor/Tr-no_1310.png,notumor,notumor
3,Training/notumor/Tr-no_1317.png,notumor,pituitary
3,Training/notumor/Tr-no_132.png,notumor,notumor
3,Training/notumor/Tr-no_1322.png,notumor,notumor
3,Training/notumor/Tr-no_1334.png,notumor,notumor
3,Training/notumor/Tr-no_1338.png,notumor,notumor
3,Training/notumor/Tr-no_1342.png,notumor,notumor
3,Training/notumor/Tr-no_1343.png,notumor,notumor
3,Training/notumor/Tr-no_1348.png,notumor,pituitary
3,Training/notumor/Tr-no_135.png,notumor,notumor
3,Training/notumor/Tr-no_1353.png,notumor,notumor
3,Training/notumor/Tr-no_1357.png,notumor,notumor
3,Training/notumor/Tr-no_1362.png,notumor,notumor
3,Training/notumor/Tr-no_1363.png,notumor,notumor
3,Training/notumor/Tr-no_1374.png,notumor,notumor
3,Training/notumor/Tr-no_1375.png,notumor,notumor
3,Training/notumor/Tr-no_1379.png,notumor,notumor
3,Training/notumor/Tr-no_1384.png,notumor,notumor
3,Training/notumor/Tr-no_1386.png,notumor,notumor
3,Training/notumor/Tr-no_140.png,notumor,notumor
3,Training/notumor/Tr-no_1400.png,notumor,notumor
3,Training/notumor/Tr-no_143.png,notumor,notumor
3,Training/notumor/Tr-no_150.png,notumor,notumor
3,Training/notumor/Tr-no_154.png,notumor,notumor
3,Training/notumor/Tr-no_156.png,notumor,notumor
3,Training/notumor/Tr-no_157.png,notumor,notumor
3,Training/notumor/Tr-no_159.png,notumor,notumor
3,Training/notumor/Tr-no_167.png,notumor,notumor
3,Training/notumor/Tr-no_17.png,notumor,notumor
3,Training/notumor/Tr-no_171.png,notumor,notumor
3,Training/notumor/Tr-no_177.png,notumor,notumor
3,Training/notumor/Tr-no_181.png,notumor,notumor
3,Training/notumor/Tr-no_183.png,notumor,notumor
3,Training/notumor/Tr-no_186.png,notumor,notumor
3,Training/notumor/Tr-no_188.png,notumor,notumor
3,Training/notumor/Tr-no_192.png,notumor,notumor
3,Training/notumor/Tr-no_199.png,notumor,notumor
3,Training/notumor/Tr-no_2.png,notumor,notumor
3,Training/notumor/Tr-no_200.png,notumor,notumor
3,Training/notumor/Tr-no_207.png,notumor,notumor
3,Training/notumor/Tr-no_212.png,notumor,notumor
3,Training/notumor/Tr-no_215.png,notumor,meningioma
3,Training/notumor/Tr-no_22.png,notumor,notumor
3,Training/notumor/Tr-no_226.png,notumor,notumor
3,Training/notumor/Tr-no_233.png,notumor,notumor
3,Training/notumor/Tr-no_235.png,notumor,notumor
3,Training/notumor/Tr-no_24.png,notumor,notumor
3,Training/notumor/Tr-no_241.png,notumor,notumor
3,Training/notumor/Tr-no_242.png,notumor,notumor
3,Training/notumor/Tr-no_248.png,notumor,notumor
3,Training/notumor/Tr-no_250.png,notumor,notumor
3,Training/notumor/Tr-no_253.png,notumor,notumor
3,Training/notumor/Tr-no_260.png,notumor,notumor
3,Training/notumor/Tr-no_264.png,notumor,notumor
3,Training/notumor/Tr-no_271.png,notumor,notumor
3,Training/notumor/Tr-no_273.png,notumor,notumor
3,Training/notumor/Tr-no_285.png,notumor,notumor
3,Training/notumor/Tr-no_29.png,notumor,notumor
3,Training/notumor/Tr-no_291.png,notumor,notumor
3,Training/notumor/Tr-no_292.png,notumor,notumor
3,Training/notumor/Tr-no_298.png,notumor,glioma
3,Training/notumor/Tr-no_3.png,notumor,notumor
3,Training/notumor/Tr-no_301.png,notumor,notumor
3,Training/notumor/Tr-no_305.png,notumor,glioma
3,Training/notumor/Tr-no_306.png,notumor,notumor
3,Training/notumor/Tr-no_312.png,notumor,notumor
3,Training/notumor/Tr-no_314.png,notumor,notumor
3,Training/notumor/Tr-no_319.png,notumor,notumor
3,Training/notumor/Tr-no_32.png,notumor,notumor
3,Training/notumor/Tr-no_328.png,notumor,notumor
3,Training/notumor/Tr-no_329.png,notumor,notumor
3,Training/notumor/Tr-no_333.png,notumor,notumor
3,Training/notumor/Tr-no_335.png,notumor,notumor
3,Training/notumor/Tr-no_337.png,notumor,notumor
3,Training/notumor/Tr-no_342.png,notumor,notumor
3,Training/notumor/Tr-no_344.png,notumor,notumor
3,Training/notumor/Tr-no_346.png,notumor,notumor
3,Training/notumor/Tr-no_348.png,notumor,notumor
3,Training/notumor/Tr-no_350.png,notumor,notumor
3,Training/notumor/Tr-no_351.png,notumor,notumor
3,Training/notumor/Tr-no_354.png,notumor,notumor
3,Training/notumor/Tr-no_355.png,notumor,notumor
3,Training/notumor/Tr-no_361.png,notumor,notumor
3,Training/notumor/Tr-no_362.png,notumor,pituitary
3,Training/notumor/Tr-no_364.png,notumor,notumor
3,Training/notumor/Tr-no_365.png,notumor,notumor
3,Training/notumor/Tr-no_376.png,notumor,notumor
3,Training/notumor/Tr-no_377.png,notumor,notumor
3,Training/notumor/Tr-no_378.png,notumor,notumor
3,Training/notumor/Tr-no_381.png,notumor,notumor
3,Training/notumor/Tr-no_387.png,notumor,notumor
3,Training/notumor/Tr-no_388.png,notumor,notumor
3,Training/notumor/Tr-no_391.png,notumor,pituitary
3,Training/notumor/Tr-no_396.png,notumor,notumor
3,Training/notumor/Tr-no_397.png,notumor,notumor
3,Training/notumor/Tr-no_416.png,notumor,notumor
3,Training/notumor/Tr-no_418.png,notumor,notumor
3,Training/notumor/Tr-no_419.png,notumor,notumor
3,Training/notumor/Tr-no_421.png,notumor,notumor
3,Training/notumor/Tr-no_432.png,notumor,notumor
3,Training/notumor/Tr-no_434.png,notumor,notumor
3,Training/notumor/Tr-no_436.png,notumor,notumor
3,Training/notumor/Tr-no_441.png,notumor,notumor
3,Training/notumor/Tr-no_448.png,notumor,notumor
3,Training/notumor/Tr-no_459.png,notumor,notumor
3,Training/notumor/Tr-no_46.png,notumor,notumor
3,Training/notumor/Tr-no_467.png,notumor,notumor
3,Training/notumor/Tr-no_47.png,notumor,notumor
3,Training/notumor/Tr-no_476.png,notumor,notumor
3,Training/notumor/Tr-no_480.png,notumor,notumor
3,Training/notumor/Tr-no_486.png,notumor,notumor
3,Training/notumor/Tr-no_489.png,notumor,notumor
3,Training/notumor/Tr-no_491.png,notumor,notumor
3,Training/notumor/Tr-no_497.png,notumor,notumor
3,Training/notumor/Tr-no_498.png,notumor,notumor
3,Training/notumor/Tr-no_499.png,notumor,notumor
3,Training/notumor/Tr-no_5.png,notumor,notumor
3,Training/notumor/Tr-no_50.png,notumor,notumor
3,Training/notumor/Tr-no_504.png,notumor,notumor
3,Training/notumor/Tr-no_511.png,notumor,notumor
3,Training/notumor/Tr-no_516.png,notumor,notumor
3,Training/notumor/Tr-no_526.png,notumor,notumor
3,Training/notumor/Tr-no_527.png,notumor,notumor
3,Training/notumor/Tr-no_53.png,notumor,notumor
3,Training/notumor/Tr-no_530.png,notumor,notumor
3,Training/notumor/Tr-no_532.png,notumor,notumor
3,Training/notumor/Tr-no_536.png,notumor,notumor
3,Training/notumor/Tr-no_540.png,notumor,notumor
3,Training/notumor/Tr-no_548.png,notumor,notumor
3,Training/notumor/Tr-no_550.png,notumor,notumor
3,Training/notumor/Tr-no_554.png,notumor,notumor
3,Training/notumor/Tr-no_562.png,notumor,meningioma
3,Training/notumor/Tr-no_567.png,notumor,notumor
3,Training/notumor/Tr-no_568.png,notumor,notumor
3,Training/notumor/Tr-no_577.png,notumor,notumor
3,Training/notumor/Tr-no_584.png,notumor,notumor
3,Training/notumor/Tr-no_585.png,notumor,notumor
3,Training/notumor/Tr-no_589.png,notumor,notumor
3,Training/notumor/Tr-no_598.png,notumor,notumor
3,Training/notumor/Tr-no_601.png,notumor,notumor
3,Training/notumor/Tr-no_61.png,notumor,notumor
3,Training/notumor/Tr-no_621.png,notumor,notumor
3,Training/notumor/Tr-no_629.png,notumor,notumor
3,Training/notumor/Tr-no_632.png,notumor,notumor
3,Training/notumor/Tr-no_636.png,notumor,notumor
3,Training/notumor/Tr-no_639.png,notumor,notumor
3,Training/notumor/Tr-no_64.png,notumor,notumor
3,Training/notumor/Tr-no_654.png,notumor,notumor
3,Training/notumor/Tr-no_656.png,notumor,notumor
3,Training/notumor/Tr-no_669.png,notumor,notumor
3,Training/notumor/Tr-no_676.png,notumor,notumor
3,Training/notumor/Tr-no_681.png,notumor,notumor
3,Training/notumor/Tr-no_689.png,notumor,notumor
3,Training/notumor/Tr-no_694.png,notumor,notumor
3,Training/notumor/Tr-no_700.png,notumor,notumor
3,Training/notumor/Tr-no_701.png,notumor,notumor
3,Training/notumor/Tr-no_703.png,notumor,notumor
3,Training/notumor/Tr-no_704.png,notumor,notumor
3,Training/notumor/Tr-no_705.png,notumor,notumor
3,Training/notumor/Tr-no_712.png,notumor,notumor
3,Training/notumor/Tr-no_717.png,notumor,notumor
3,Training/notumor/Tr-no_719.png,notumor,notumor
3,Training/notumor/Tr-no_721.png,notumor,notumor
3,Training/notumor/Tr-no_732.png,notumor,notumor
3,Training/notumor/Tr-no_740.png,notumor,notumor
3,Training/notumor/Tr-no_743.png,notumor,notumor
3,Training/notumor/Tr-no_746.png,notumor,notumor
3,Training/notumor/Tr-no_748.png,notumor,notumor
3,Training/notumor/Tr-no_75.png,notumor,notumor
3,Training/notumor/Tr-no_758.png,notumor,notumor
3,Training/notumor/Tr-no_759.png,notumor,notumor
3,Training/notumor/Tr-no_761.png,notumor,notumor
3,Training/notumor/Tr-no_766.png,notumor,notumor
3,Training/notumor/Tr-no_768.png,notumor,notumor
3,Training/notumor/Tr-no_769.png,notumor,notumor
3,Training/notumor/Tr-no_775.png,notumor,notumor
3,Training/notumor/Tr-no_777.png,notumor,notumor
3,Training/notumor/Tr-no_785.png,notumor,notumor
3,Training/notumor/Tr-no_788.png,notumor,notumor
3,Training/notumor/Tr-no_797.png,notumor,notumor
3,Training/notumor/Tr-no_800.png,notumor,notumor
3,Training/notumor/Tr-no_81.png,notumor,notumor
3,Training/notumor/Tr-no_818.png,notumor,notumor
3,Training/notumor/Tr-no_82.png,notumor,notumor
3,Training/notumor/Tr-no_820.png,notumor,notumor
3,Training/notumor/Tr-no_826.png,notumor,notumor
3,Training/notumor/Tr-no_831.png,notumor,notumor
3,Training/notumor/Tr-no_832.png,notumor,meningioma
3,Training/notumor/Tr-no_833.png,notumor,notumor
3,Training/notumor/Tr-no_841.png,notumor,notumor
3,Training/notumor/Tr-no_842.png,notumor,notumor
3,Training/notumor/Tr-no_848.png,notumor,notumor
3,Training/notumor/Tr-no_849.png,notumor,notumor
3,Training/notumor/Tr-no_85.png,notumor,notumor
3,Training/notumor/Tr-no_851.png,notumor,notumor
3,Training/notumor/Tr-no_872.png,notumor,notumor
3,Training/notumor/Tr-no_886.png,notumor,notumor
3,Training/notumor/Tr-no_89.png,notumor,notumor
3,Training/notumor/Tr-no_890.png,notumor,notumor
3,Training/notumor/Tr-no_906.png,notumor,notumor
3,Training/notumor/Tr-no_91.png,notumor,notumor
3,Training/notumor/Tr-no_913.png,notumor,meningioma
3,Training/notumor/Tr-no_915.png,notumor,notumor
3,Training/notumor/Tr-no_917.png,notumor,notumor
3,Training/notumor/Tr-no_928.png,notumor,meningioma
3,Training/notumor/Tr-no_930.png,notumor,notumor
3,Training/notumor/Tr-no_933.png,notumor,notumor
3,Training/notumor/Tr-no_934.png,notumor,notumor
3,Training/notumor/Tr-no_940.png,notumor,notumor
3,Training/notumor/Tr-no_942.png,notumor,notumor
3,Training/notumor/Tr-no_954.png,notumor,notumor
3,Training/notumor/Tr-no_958.png,notumor,notumor
3,Training/notumor/Tr-no_964.png,notumor,notumor
3,Training/notumor/Tr-no_973.png,notumor,notumor
3,Training/notumor/Tr-no_975.png,notumor,notumor
3,Training/notumor/Tr-no_978.png,notumor,notumor
3,Training/notumor/Tr-no_979.png,notumor,notumor
3,Training/notumor/Tr-no_98.png,notumor,notumor
3,Training/notumor/Tr-no_99.png,notumor,notumor
3,Training/notumor/Tr-no_991.png,notumor,notumor
3,Training/notumor/Tr-no_992.png,notumor,notumor
3,Training/notumor/Tr-no_993.png,notumor,notumor
3,Training/notumor/Tr-no_996.png,notumor,notumor
3,Training/pituitary/Tr-pi_1006.png,pituitary,pituitary
3,Training/pituitary/Tr-pi_1008.png,pituitary,pituitary
3,Training/pituitary/Tr-pi_1010.png,pituitary,pituitary
3,Training/pituitary/Tr-pi_1016.png,pituitary,pituitary
3,Training/pituitary/Tr-pi_1023.png,pituitary,pituitary
3,Training/pituitary/Tr-pi_1043.png,pituitary,pituitary
3,Training/pituitary/Tr-pi_1046.png,pituitary,pituitary
3,Training/pituitary/Tr-pi_1057.png,pituitary,meningioma
3,Training/pituitary/Tr-pi_1060.png,pituitary,pituitary
3,Training/pituitary/Tr-pi_1061.png,pituitary,pituitary
3,Training/pituitary/Tr-pi_1080.png,pituitary,pituitary
3,Training/pituitary/Tr-pi_1083.png,pituitary,pituitary
3,Training/pituitary/Tr-pi_109.png,pituitary,pituitary
3,Training/pituitary/Tr-pi_1091.png,pituitary,pituitary
3,Training/pituitary/Tr-pi_1096.png,pituitary,pituitary
3,Training/pituitary/Tr-pi_1098.png,pituitary,pituitary
3,Training/pituitary/Tr-pi_1109.png,pituitary,pituitary
3,Training/pituitary/Tr-pi_1116.png,pituitary,pituitary
3,Training/pituitary/Tr-pi_112.png,pituitary,pituitary
3,Training/pituitary/Tr-pi_1122.png,pituitary,pituitary
3,Training/pituitary/Tr-pi_1125.png,pituitary,pituitary
3,Training/pituitary/Tr-pi_1129.png,pituitary,pituitary
3,Training/pituitary/Tr-pi_1140.png,pituitary,glioma
3,Training/pituitary/Tr-pi_1147.png,pituitary,pituitary
3,Training/pituitary/Tr-pi_1152.png,pituitary,pituitary
3,Training/pituitary/Tr-pi_1154.png,pituitary,pituitary
3,Training/pituitary/Tr-pi_1161.png,pituitary,pituitary
3,Training/pituitary/Tr-pi_1163.png,pituitary,glioma
3,Training/pituitary/Tr-pi_1173.png,pituitary,pituitary
3,Training/pituitary/Tr-pi_1180.png,pituitary,pituitary
3,Training/pituitary/Tr-pi_1182.png,pituitary,pituitary
3,Training/pituitary/Tr-pi_1187.png,pituitary,pituitary
3,Training/pituitary/Tr-pi_1195.png,pituitary,pituitary
3,Training/pituitary/Tr-pi_1197.png,pituitary,pituitary
3,Training/pituitary/Tr-pi_1199.png,pituitary,pituitary
3,Training/pituitary/Tr-pi_1204.png,pituitary,pituitary
3,Training/pituitary/Tr-pi_1206.png,pituitary,pituitary
3,Training/pituitary/Tr-pi_1216.png,pituitary,pituitary
3,Training/pituitary/Tr-pi_1217.png,pituitary,pituitary
3,Training/pituitary/Tr-pi_1220.png,pituitary,pituitary
3,Training/pituitary/Tr-pi_1221.png,pituitary,pituitary
3,Training/pituitary/Tr-pi_1225.png,pituitary,pituitary
3,Training/pituitary/Tr-pi_1228.png,pituitary,pituitary
3,Training/pituitary/Tr-pi_1230.png,pituitary,pituitary
3,Training/pituitary/Tr-pi_124.png,pituitary,meningioma
3,Training/pituitary/Tr-pi_1248.png,pituitary,pituitary
3,Training/pituitary/Tr-pi_1252.png,pituitary,pituitary
3,Training/pituitary/Tr-pi_1256.png,pituitary,pituitary
3,Training/pituitary/Tr-pi_1257.png,pituitary,pituitary
3,Training/pituitary/Tr-pi_1258.png,pituitary,pituitary
3,Training/pituitary/Tr-pi_1268.png,pituitary,pituitary
3,Training/pituitary/Tr-pi_127.png,pituitary,pituitary
3,Training/pituitary/Tr-pi_1271.png,pituitary,pituitary
3,Training/pituitary/Tr-pi_1272.png,pituitary,pituitary
3,Training/pituitary/Tr-pi_1275.png,pituitary,pituitary
3,Training/pituitary/Tr-pi_1282.png,pituitary,glioma
3,Training/pituitary/Tr-pi_129.png,pituitary,pituitary
3,Training/pituitary/Tr-pi_1294.png,pituitary,pituitary
3,Training/pituitary/Tr-pi_1298.png,pituitary,pituitary
3,Training/pituitary/Tr-pi_131.png,pituitary,pituitary
3,Training/pituitary/Tr-pi_1314.png,pituitary,pituitary
3,Training/pituitary/Tr-pi_1320.png,pituitary,pituitary
3,Training/pituitary/Tr-pi_1322.png,pituitary,pituitary
3,Training/pituitary/Tr-pi_1328.png,pituitary,pituitary
3,Training/pituitary/Tr-pi_1336.png,pituitary,pituitary
3,Training/pituitary/Tr-pi_1345.png,pituitary,pituitary
3,Training/pituitary/Tr-pi_1346.png,pituitary,pituitary
3,Training/pituitary/Tr-pi_1349.png,pituitary,pituitary
3,Training/pituitary/Tr-pi_135.png,pituitary,pituitary
3,Training/pituitary/Tr-pi_1357.png,pituitary,pituitary
3,Training/pituitary/Tr-pi_1359.png,pituitary,pituitary
3,Training/pituitary/Tr-pi_1360.png,pituitary,pituitary
3,Training/pituitary/Tr-pi_1361.png,pituitary,pituitary
3,Training/pituitary/Tr-pi_1362.png,pituitary,pituitary
3,Training/pituitary/Tr-pi_1369.png,pituitary,pituitary
3,Training/pituitary/Tr-pi_1376.png,pituitary,pituitary
3,Training/pituitary/Tr-pi_1381.png,pituitary,pituitary
3,Training/pituitary/Tr-pi_1383.png,pituitary,pituitary
3,Training/pituitary/Tr-pi_1384.png,pituitary,pituitary
3,Training/pituitary/Tr-pi_1389.png,pituitary,pituitary
3,Training/pituitary/Tr-pi_1390.png,pituitary,pituitary
3,Training/pituitary/Tr-pi_1391.png,pituitary,pituitary
3,Training/pituitary/Tr-pi_14.png,pituitary,pituitary
3,Training/pituitary/Tr-pi_142.png,pituitary,glioma
3,Training/pituitary/Tr-pi_158.png,pituitary,pituitary
3,Training/pituitary/Tr-pi_159.png,pituitary,pituitary
3,Training/pituitary/Tr-pi_16.png,pituitary,pituitary
3,Training/pituitary/Tr-pi_160.png,pituitary,pituitary
3,Training/pituitary/Tr-pi_161.png,pituitary,glioma
3,Training/pituitary/Tr-pi_163.png,pituitary,pituitary
3,Training/pituitary/Tr-pi_168.png,pituitary,pituitary
3,Training/pituitary/Tr-pi_169.png,pituitary,pituitary
3,Training/pituitary/Tr-pi_170.png,pituitary,pituitary
3,Training/pituitary/Tr-pi_172.png,pituitary,pituitary
3,Training/pituitary/Tr-pi_173.png,pituitary,pituitary
3,Training/pituitary/Tr-pi_178.png,pituitary,pituitary
3,Training/pituitary/Tr-pi_193.png,pituitary,pituitary
3,Training/pituitary/Tr-pi_196.png,pituitary,pituitary
3,Training/pituitary/Tr-pi_199.png,pituitary,pituitary
3,Training/pituitary/Tr-pi_203.png,pituitary,pituitary
3,Training/pituitary/Tr-pi_204.png,pituitary,pituitary
3,Training/pituitary/Tr-pi_208.png,pituitary,pituitary
3,Training/pituitary/Tr-pi_211.png,pituitary,pituitary
3,Training/pituitary/Tr-pi_219.png,pituitary,meningioma
3,Training/pituitary/Tr-pi_222.png,pituitary,pituitary
3,Training/pituitary/Tr-pi_232.png,pituitary,pituitary
3,Training/pituitary/Tr-pi_240.png,pituitary,pituitary
3,Training/pituitary/Tr-pi_242.png,pituitary,pituitary
3,Training/pituitary/Tr-pi_249.png,pituitary,glioma
3,Training/pituitary/Tr-pi_257.png,pituitary,pituitary
3,Training/pituitary/Tr-pi_258.png,pituitary,pituitary
3,Training/pituitary/Tr-pi_259.png,pituitary,pituitary
3,Training/pituitary/Tr-pi_26.png,pituitary,pituitary
3,Training/pituitary/Tr-pi_266.png,pituitary,pituitary
3,Training/pituitary/Tr-pi_268.png,pituitary,pituitary
3,Training/pituitary/Tr-pi_277.png,pituitary,pituitary
3,Training/pituitary/Tr-pi_280.png,pituitary,pituitary
3,Training/pituitary/Tr-pi_281.png,pituitary,pituitary
3,Training/pituitary/Tr-pi_282.png,pituitary,pituitary
3,Training/pituitary/Tr-pi_290.png,pituitary,glioma
3,Training/pituitary/Tr-pi_298.png,pituitary,pituitary
3,Training/pituitary/Tr-pi_299.png,pituitary,pituitary
3,Training/pituitary/Tr-pi_300.png,pituitary,pituitary
3,Training/pituitary/Tr-pi_302.png,pituitary,pituitary
3,Training/pituitary/Tr-pi_307.png,pituitary,pituitary
3,Training/pituitary/Tr-pi_31.png,pituitary,pituitary
3,Training/pituitary/Tr-pi_310.png,pituitary,pituitary
3,Training/pituitary/Tr-pi_311.png,pituitary,pituitary
3,Training/pituitary/Tr-pi_318.png,pituitary,pituitary
3,Training/pituitary/Tr-pi_32.png,pituitary,pituitary
3,Training/pituitary/Tr-pi_320.png,pituitary,pituitary
3,Training/pituitary/Tr-pi_328.png,pituitary,pituitary
3,Training/pituitary/Tr-pi_331.png,pituitary,pituitary
3,Training/pituitary/Tr-pi_34.png,pituitary,pituitary
3,Training/pituitary/Tr-pi_341.png,pituitary,pituitary
3,Training/pituitary/Tr-pi_343.png,pituitary,pituitary
3,Training/pituitary/Tr-pi_347.png,pituitary,pituitary
3,Training/pituitary/Tr-pi_355.png,pituitary,pituitary
3,Training/pituitary/Tr-pi_36.png,pituitary,meningioma
3,Training/pituitary/Tr-pi_369.png,pituitary,pituitary
3,Training/pituitary/Tr-pi_373.png,pituitary,pituitary
3,Training/pituitary/Tr-pi_374.png,pituitary,pituitary
3,Training/pituitary/Tr-pi_376.png,pituitary,pituitary
3,Training/pituitary/Tr-pi_380.png,pituitary,pituitary
3,Training/pituitary/Tr-pi_385.png,pituitary,pituitary
3,Training/pituitary/Tr-pi_387.png,pituitary,pituitary
3,Training/pituitary/Tr-pi_392.png,pituitary,pituitary
3,Training/pituitary/Tr-pi_393.png,pituitary,pituitary
3,Training/pituitary/Tr-pi_394.png,pituitary,pituitary
3,Training/pituitary/Tr-pi_397.png,pituitary,pituitary
3,Training/pituitary/Tr-pi_407.png,pituitary,pituitary
3,Training/pituitary/Tr-pi_421.png,pituitary,pituitary
3,Training/pituitary/Tr-pi_422.png,pituitary,pituitary
3,Training/pituitary/Tr-pi_426.png,pituitary,notumor
3,Training/pituitary/Tr-pi_433.png,pituitary,pituitary
3,Training/pituitary/Tr-pi_435.png,pituitary,glioma
3,Training/pituitary/Tr-pi_441.png,pituitary,notumor
3,Training/pituitary/Tr-pi_450.png,pituitary,pituitary
3,Training/pituitary/Tr-pi_457.png,pituitary,pituitary
3,Training/pituitary/Tr-pi_476.png,pituitary,pituitary
3,Training/pituitary/Tr-pi_477.png,pituitary,pituitary
3,Training/pituitary/Tr-pi_489.png,pituitary,pituitary
3,Training/pituitary/Tr-pi_501.png,pituitary,pituitary
3,Training/pituitary/Tr-pi_502.png,pituitary,pituitary
3,Training/pituitary/Tr-pi_507.png,pituitary,pituitary
3,Training/pituitary/Tr-pi_508.png,pituitary,pituitary
3,Training/pituitary/Tr-pi_509.png,pituitary,pituitary
3,Training/pituitary/Tr-pi_512.png,pituitary,pituitary
3,Training/pituitary/Tr-pi_514.png,pituitary,meningioma
3,Training/pituitary/Tr-pi_520.png,pituitary,pituitary
3,Training/pituitary/Tr-pi_522.png,pituitary,pituitary
3,Training/pituitary/Tr-pi_526.png,pituitary,pituitary
3,Training/pituitary/Tr-pi_530.png,pituitary,pituitary
3,Training/pituitary/Tr-pi_534.png,pituitary,pituitary
3,Training/pituitary/Tr-pi_550.png,pituitary,pituitary
3,Training/pituitary/Tr-pi_551.png,pituitary,pituitary
3,Training/pituitary/Tr-pi_554.png,pituitary,pituitary
3,Training/pituitary/Tr-pi_560.png,pituitary,pituitary
3,Training/pituitary/Tr-pi_562.png,pituitary,pituitary
3,Training/pituitary/Tr-pi_564.png,pituitary,pituitary
3,Training/pituitary/Tr-pi_57.png,pituitary,pituitary
3,Training/pituitary/Tr-pi_576.png,pituitary,pituitary
3,Training/pituitary/Tr-pi_590.png,pituitary,pituitary
3,Training/pituitary/Tr-pi_595.png,pituitary,pituitary
3,Training/pituitary/Tr-pi_599.png,pituitary,meningioma
3,Training/pituitary/Tr-pi_600.png,pituitary,pituitary
3,Training/pituitary/Tr-pi_617.png,pituitary,pituitary
3,Training/pituitary/Tr-pi_618.png,pituitary,pituitary
3,Training/pituitary/Tr-pi_624.png,pituitary,pituitary
3,Training/pituitary/Tr-pi_632.png,pituitary,pituitary
3,Training/pituitary/Tr-pi_633.png,pituitary,pituitary
3,Training/pituitary/Tr-pi_634.png,pituitary,pituitary
3,Training/pituitary/Tr-pi_635.png,pituitary,pituitary
3,Training/pituitary/Tr-pi_640.png,pituitary,pituitary
3,Training/pituitary/Tr-pi_643.png,pituitary,pituitary
3,Training/pituitary/Tr-pi_649.png,pituitary,pituitary
3,Training/pituitary/Tr-pi_653.png,pituitary,pituitary
3,Training/pituitary/Tr-pi_661.png,pituitary,meningioma
3,Training/pituitary/Tr-pi_669.png,pituitary,glioma
3,Training/pituitary/Tr-pi_678.png,pituitary,pituitary
3,Training/pituitary/Tr-pi_683.png,pituitary,pituitary
3,Training/pituitary/Tr-pi_685.png,pituitary,pituitary
3,Training/pituitary/Tr-pi_689.png,pituitary,pituitary
3,Training/pituitary/Tr-pi_698.png,pituitary,pituitary
3,Training/pituitary/Tr-pi_699.png,pituitary,pituitary
3,Training/pituitary/Tr-pi_7.png,pituitary,pituitary
3,Training/pituitary/Tr-pi_702.png,pituitary,pituitary
3,Training/pituitary/Tr-pi_703.png,pituitary,pituitary
3,Training/pituitary/Tr-pi_708.png,pituitary,pituitary
3,Training/pituitary/Tr-pi_719.png,pituitary,pituitary
3,Training/pituitary/Tr-pi_724.png,pituitary,pituitary
3,Training/pituitary/Tr-pi_726.png,pituitary,pituitary
3,Training/pituitary/Tr-pi_730.png,pituitary,glioma
3,Training/pituitary/Tr-pi_733.png,pituitary,pituitary
3,Training/pituitary/Tr-pi_735.png,pituitary,pituitary
3,Training/pituitary/Tr-pi_74.png,pituitary,pituitary
3,Training/pituitary/Tr-pi_746.png,pituitary,pituitary
3,Training/pituitary/Tr-pi_75.png,pituitary,pituitary
3,Training/pituitary/Tr-pi_755.png,pituitary,pituitary
3,Training/pituitary/Tr-pi_756.png,pituitary,pituitary
3,Training/pituitary/Tr-pi_762.png,pituitary,pituitary
3,Training/pituitary/Tr-pi_764.png,pituitary,pituitary
3,Training/pituitary/Tr-pi_767.png,pituitary,pituitary
3,Training/pituitary/Tr-pi_770.png,pituitary,glioma
3,Training/pituitary/Tr-pi_773.png,pituitary,pituitary
3,Training/pituitary/Tr-pi_774.png,pituitary,pituitary
3,Training/pituitary/Tr-pi_780.png,pituitary,pituitary
3,Training/pituitary/Tr-pi_786.png,pituitary,pituitary
3,Training/pituitary/Tr-pi_788.png,pituitary,glioma
3,Training/pituitary/Tr-pi_791.png,pituitary,pituitary
3,Training/pituitary/Tr-pi_794.png,pituitary,pituitary
3,Training/pituitary/Tr-pi_795.png,pituitary,pituitary
3,Training/pituitary/Tr-pi_800.png,pituitary,pituitary
3,Training/pituitary/Tr-pi_808.png,pituitary,pituitary
3,Training/pituitary/Tr-pi_81.png,pituitary,pituitary
3,Training/pituitary/Tr-pi_817.png,pituitary,pituitary
3,Training/pituitary/Tr-pi_819.png,pituitary,pituitary
3,Training/pituitary/Tr-pi_821.png,pituitary,pituitary
3,Training/pituitary/Tr-pi_828.png,pituitary,pituitary
3,Training/pituitary/Tr-pi_83.png,pituitary,pituitary
3,Training/pituitary/Tr-pi_835.png,pituitary,pituitary
3,Training/pituitary/Tr-pi_838.png,pituitary,pituitary
3,Training/pituitary/Tr-pi_863.png,pituitary,pituitary
3,Training/pituitary/Tr-pi_867.png,pituitary,pituitary
3,Training/pituitary/Tr-pi_872.png,pituitary,pituitary
3,Training/pituitary/Tr-pi_875.png,pituitary,pituitary
3,Training/pituitary/Tr-pi_878.png,pituitary,pituitary
3,Training/pituitary/Tr-pi_879.png,pituitary,pituitary
3,Training/pituitary/Tr-pi_881.png,pituitary,pituitary
3,Training/pituitary/Tr-pi_885.png,pituitary,pituitary
3,Training/pituitary/Tr-pi_886.png,pituitary,pituitary
3,Training/pituitary/Tr-pi_889.png,pituitary,pituitary
3,Training/pituitary/Tr-pi_890.png,pituitary,pituitary
3,Training/pituitary/Tr-pi_897.png,pituitary,pituitary
3,Training/pituitary/Tr-pi_899.png,pituitary,pituitary
3,Training/pituitary/Tr-pi_904.png,pituitary,pituitary
3,Training/pituitary/Tr-pi_909.png,pituitary,pituitary
3,Training/pituitary/Tr-pi_911.png,pituitary,pituitary
3,Training/pituitary/Tr-pi_912.png,pituitary,pituitary
3,Training/pituitary/Tr-pi_918.png,pituitary,pituitary
3,Training/pituitary/Tr-pi_925.png,pituitary,pituitary
3,Training/pituitary/Tr-pi_927.png,pituitary,pituitary
3,Training/pituitary/Tr-pi_932.png,pituitary,pituitary
3,Training/pituitary/Tr-pi_933.png,pituitary,pituitary
3,Training/pituitary/Tr-pi_940.png,pituitary,pituitary
3,Training/pituitary/Tr-pi_945.png,pituitary,pituitary
3,Training/pituitary/Tr-pi_95.png,pituitary,pituitary
3,Training/pituitary/Tr-pi_958.png,pituitary,pituitary
3,Training/pituitary/Tr-pi_959.png,pituitary,pituitary
3,Training/pituitary/Tr-pi_963.png,pituitary,pituitary
3,Training/pituitary/Tr-pi_966.png,pituitary,pituitary
3,Training/pituitary/Tr-pi_967.png,pituitary,pituitary
3,Training/pituitary/Tr-pi_97.png,pituitary,meningioma
3,Training/pituitary/Tr-pi_974.png,pituitary,pituitary
3,Training/pituitary/Tr-pi_977.png,pituitary,pituitary
3,Training/pituitary/Tr-pi_978.png,pituitary,pituitary
3,Training/pituitary/Tr-pi_98.png,pituitary,glioma
3,Training/pituitary/Tr-pi_983.png,pituitary,pituitary
3,Training/pituitary/Tr-pi_987.png,pituitary,pituitary
3,Training/pituitary/Tr-pi_998.png,pituitary,pituitary
4,Training/glioma/Tr-gl_1004.png,glioma,glioma
4,Training/glioma/Tr-gl_1005.png,glioma,glioma
4,Training/glioma/Tr-gl_1007.png,glioma,glioma
4,Training/glioma/Tr-gl_1008.png,glioma,glioma
4,Training/glioma/Tr-gl_1022.png,glioma,glioma
4,Training/glioma/Tr-gl_1023.png,glioma,glioma
4,Training/glioma/Tr-gl_1027.png,glioma,meningioma
4,Training/glioma/Tr-gl_1033.png,glioma,pituitary
4,Training/glioma/Tr-gl_1035.png,glioma,glioma
4,Training/glioma/Tr-gl_1037.png,glioma,glioma
4,Training/glioma/Tr-gl_1039.png,glioma,glioma
4,Training/glioma/Tr-gl_104.png,glioma,pituitary
4,Training/glioma/Tr-gl_1047.png,glioma,glioma
4,Training/glioma/Tr-gl_1054.png,glioma,notumor
4,Training/glioma/Tr-gl_1055.png,glioma,glioma
4,Training/glioma/Tr-gl_1057.png,glioma,glioma
4,Training/glioma/Tr-gl_1060.png,glioma,meningioma
4,Training/glioma/Tr-gl_1064.png,glioma,glioma
4,Training/glioma/Tr-gl_1067.png,glioma,meningioma
4,Training/glioma/Tr-gl_1069.png,glioma,glioma
4,Training/glioma/Tr-gl_1071.png,glioma,glioma
4,Training/glioma/Tr-gl_1075.png,glioma,glioma
4,Training/glioma/Tr-gl_1078.png,glioma,glioma
4,Training/glioma/Tr-gl_1081.png,glioma,glioma
4,Training/glioma/Tr-gl_1084.png,glioma,meningioma
4,Training/glioma/Tr-gl_1085.png,glioma,glioma
4,Training/glioma/Tr-gl_1088.png,glioma,pituitary
4,Training/glioma/Tr-gl_1094.png,glioma,glioma
4,Training/glioma/Tr-gl_1101.png,glioma,glioma
4,Training/glioma/Tr-gl_1106.png,glioma,meningioma
4,Training/glioma/Tr-gl_1118.png,glioma,glioma
4,Training/glioma/Tr-gl_1126.png,glioma,glioma
4,Training/glioma/Tr-gl_1128.png,glioma,pituitary
4,Training/glioma/Tr-gl_1129.png,glioma,meningioma
4,Training/glioma/Tr-gl_1135.png,glioma,pituitary
4,Training/glioma/Tr-gl_1139.png,glioma,glioma
4,Training/glioma/Tr-gl_1143.png,glioma,glioma
4,Training/glioma/Tr-gl_1144.png,glioma,glioma
4,Training/glioma/Tr-gl_1146.png,glioma,glioma
4,Training/glioma/Tr-gl_1158.png,glioma,glioma
4,Training/glioma/Tr-gl_1160.png,glioma,glioma
4,Training/glioma/Tr-gl_1163.png,glioma,glioma
4,Training/glioma/Tr-gl_1165.png,glioma,glioma
4,Training/glioma/Tr-gl_1166.png,glioma,glioma
4,Training/glioma/Tr-gl_1170.png,glioma,meningioma
4,Training/glioma/Tr-gl_1171.png,glioma,glioma
4,Training/glioma/Tr-gl_1177.png,glioma,glioma
4,Training/glioma/Tr-gl_118.png,glioma,meningioma
4,Training/glioma/Tr-gl_1184.png,glioma,glioma
4,Training/glioma/Tr-gl_1187.png,glioma,meningioma
4,Training/glioma/Tr-gl_1188.png,glioma,meningioma
4,Training/glioma/Tr-gl_1192.png,glioma,meningioma
4,Training/glioma/Tr-gl_1203.png,glioma,glioma
4,Training/glioma/Tr-gl_121.png,glioma,glioma
4,Training/glioma/Tr-gl_122.png,glioma,glioma
4,Training/glioma/Tr-gl_1226.png,glioma,meningioma
4,Training/glioma/Tr-gl_1237.png,glioma,glioma
4,Training/glioma/Tr-gl_1238.png,glioma,glioma
4,Training/glioma/Tr-gl_1245.png,glioma,glioma
4,Training/glioma/Tr-gl_1247.png,glioma,glioma
4,Training/glioma/Tr-gl_1256.png,glioma,glioma
4,Training/glioma/Tr-gl_1259.png,glioma,glioma
4,Training/glioma/Tr-gl_126.png,glioma,glioma
4,Training/glioma/Tr-gl_1262.png,glioma,meningioma
4,Training/glioma/Tr-gl_1263.png,glioma,glioma
4,Training/glioma/Tr-gl_1265.png,glioma,meningioma
4,Training/glioma/Tr-gl_1267.png,glioma,glioma
4,Training/glioma/Tr-gl_1274.png,glioma,meningioma
4,Training/glioma/Tr-gl_1279.png,glioma,glioma
4,Training/glioma/Tr-gl_1280.png,glioma,glioma
4,Training/glioma/Tr-gl_1284.png,glioma,glioma
4,Training/glioma/Tr-gl_1290.png,glioma,meningioma
4,Training/glioma/Tr-gl_1296.png,glioma,glioma
4,Training/glioma/Tr-gl_1298.png,glioma,glioma
4,Training/glioma/Tr-gl_130.png,glioma,glioma
4,Training/glioma/Tr-gl_1306.png,glioma,glioma
4,Training/glioma/Tr-gl_1311.png,glioma,glioma
4,Training/glioma/Tr-gl_1320.png,glioma,glioma
4,Training/glioma/Tr-gl_1326.png,glioma,glioma
4,Training/glioma/Tr-gl_133.png,glioma,meningioma
4,Training/glioma/Tr-gl_1330.png,glioma,glioma
4,Training/glioma/Tr-gl_1333.png,glioma,glioma
4,Training/glioma/Tr-gl_1339.png,glioma,glioma
4,Training/glioma/Tr-gl_1343.png,glioma,glioma
4,Training/glioma/Tr-gl_1345.png,glioma,glioma
4,Training/glioma/Tr-gl_1346.png,glioma,pituitary
4,Training/glioma/Tr-gl_1361.png,glioma,glioma
4,Training/glioma/Tr-gl_1364.png,glioma,glioma
4,Training/glioma/Tr-gl_1367.png,glioma,glioma
4,Training/glioma/Tr-gl_1369.png,glioma,meningioma
4,Training/glioma/Tr-gl_1378.png,glioma,glioma
4,Training/glioma/Tr-gl_1383.png,glioma,glioma
4,Training/glioma/Tr-gl_1388.png,glioma,glioma
4,Training/glioma/Tr-gl_1400.png,glioma,glioma
4,Training/glioma/Tr-gl_143.png,glioma,glioma
4,Training/glioma/Tr-gl_144.png,glioma,glioma
4,Training/glioma/Tr-gl_145.png,glioma,glioma
4,Training/glioma/Tr-gl_147.png,glioma,glioma
4,Training/glioma/Tr-gl_148.png,glioma,glioma
4,Training/glioma/Tr-gl_156.png,glioma,glioma
4,Training/glioma/Tr-gl_161.png,glioma,glioma
4,Training/glioma/Tr-gl_169.png,glioma,meningioma
4,Training/glioma/Tr-gl_176.png,glioma,glioma
4,Training/glioma/Tr-gl_179.png,glioma,meningioma
4,Training/glioma/Tr-gl_191.png,glioma,glioma
4,Training/glioma/Tr-gl_200.png,glioma,meningioma
4,Training/glioma/Tr-gl_203.png,glioma,glioma
4,Training/glioma/Tr-gl_211.png,glioma,pituitary
4,Training/glioma/Tr-gl_212.png,glioma,meningioma
4,Training/glioma/Tr-gl_217.png,glioma,meningioma
4,Training/glioma/Tr-gl_220.png,glioma,meningioma
4,Training/glioma/Tr-gl_230.png,glioma,glioma
4,Training/glioma/Tr-gl_236.png,glioma,glioma
4,Training/glioma/Tr-gl_239.png,glioma,glioma
4,Training/glioma/Tr-gl_24.png,glioma,glioma
4,Training/glioma/Tr-gl_241.png,glioma,glioma
4,Training/glioma/Tr-gl_248.png,glioma,glioma
4,Training/glioma/Tr-gl_251.png,glioma,glioma
4,Training/glioma/Tr-gl_253.png,glioma,glioma
4,Training/glioma/Tr-gl_255.png,glioma,glioma
4,Training/glioma/Tr-gl_269.png,glioma,glioma
4,Training/glioma/Tr-gl_283.png,glioma,glioma
4,Training/glioma/Tr-gl_284.png,glioma,glioma
4,Training/glioma/Tr-gl_289.png,glioma,glioma
4,Training/glioma/Tr-gl_301.png,glioma,glioma
4,Training/glioma/Tr-gl_305.png,glioma,glioma
4,Training/glioma/Tr-gl_308.png,glioma,meningioma
4,Training/glioma/Tr-gl_310.png,glioma,glioma
4,Training/glioma/Tr-gl_311.png,glioma,glioma
4,Training/glioma/Tr-gl_316.png,glioma,glioma
4,Training/glioma/Tr-gl_341.png,glioma,glioma
4,Training/glioma/Tr-gl_348.png,glioma,meningioma
4,Training/glioma/Tr-gl_352.png,glioma,meningioma
4,Training/glioma/Tr-gl_356.png,glioma,glioma
4,Training/glioma/Tr-gl_357.png,glioma,glioma
4,Training/glioma/Tr-gl_358.png,glioma,glioma
4,Training/glioma/Tr-gl_360.png,glioma,glioma
4,Training/glioma/Tr-gl_365.png,glioma,glioma
4,Training/glioma/Tr-gl_369.png,glioma,glioma
4,Training/glioma/Tr-gl_372.png,glioma,glioma
4,Training/glioma/Tr-gl_375.png,glioma,glioma
4,Training/glioma/Tr-gl_376.png,glioma,glioma
4,Training/glioma/Tr-gl_377.png,glioma,glioma
4,Training/glioma/Tr-gl_38.png,glioma,pituitary
4,Training/glioma/Tr-gl_394.png,glioma,glioma
4,Training/glioma/Tr-gl_400.png,glioma,glioma
4,Training/glioma/Tr-gl_408.png,glioma,glioma
4,Training/glioma/Tr-gl_409.png,glioma,glioma
4,Training/glioma/Tr-gl_414.png,glioma,glioma
4,Training/glioma/Tr-gl_416.png,glioma,glioma
4,Training/glioma/Tr-gl_419.png,glioma,glioma
4,Training/glioma/Tr-gl_42.png,glioma,glioma
4,Training/glioma/Tr-gl_421.png,glioma,glioma
4,Training/glioma/Tr-gl_427.png,glioma,pituitary
4,Training/glioma/Tr-gl_428.png,glioma,glioma
4,Training/glioma/Tr-gl_429.png,glioma,glioma
4,Training/glioma/Tr-gl_432.png,glioma,glioma
4,Training/glioma/Tr-gl_434.png,glioma,glioma
4,Training/glioma/Tr-gl_442.png,glioma,glioma
4,Training/glioma/Tr-gl_443.png,glioma,glioma
4,Training/glioma/Tr-gl_446.png,glioma,glioma
4,Training/glioma/Tr-gl_448.png,glioma,glioma
4,Training/glioma/Tr-gl_451.png,glioma,glioma
4,Training/glioma/Tr-gl_461.png,glioma,glioma
4,Training/glioma/Tr-gl_462.png,glioma,glioma
4,Training/glioma/Tr-gl_466.png,glioma,glioma
4,Training/glioma/Tr-gl_471.png,glioma,glioma
4,Training/glioma/Tr-gl_479.png,glioma,glioma
4,Training/glioma/Tr-gl_481.png,glioma,glioma
4,Training/glioma/Tr-gl_483.png,glioma,glioma
4,Training/glioma/Tr-gl_492.png,glioma,glioma
4,Training/glioma/Tr-gl_496.png,glioma,glioma
4,Training/glioma/Tr-gl_506.png,glioma,glioma
4,Training/glioma/Tr-gl_511.png,glioma,meningioma
4,Training/glioma/Tr-gl_512.png,glioma,meningioma
4,Training/glioma/Tr-gl_526.png,glioma,glioma
4,Training/glioma/Tr-gl_530.png,glioma,glioma
4,Training/glioma/Tr-gl_541.png,glioma,glioma
4,Training/glioma/Tr-gl_547.png,glioma,glioma
4,Training/glioma/Tr-gl_548.png,glioma,glioma
4,Training/glioma/Tr-gl_553.png,glioma,glioma
4,Training/glioma/Tr-gl_554.png,glioma,glioma
4,Training/glioma/Tr-gl_557.png,glioma,glioma
4,Training/glioma/Tr-gl_564.png,glioma,glioma
4,Training/glioma/Tr-gl_567.png,glioma,glioma
4,Training/glioma/Tr-gl_570.png,glioma,glioma
4,Training/glioma/Tr-gl_572.png,glioma,glioma
4,Training/glioma/Tr-gl_582.png,glioma,glioma
4,Training/glioma/Tr-gl_590.png,glioma,pituitary
4,Training/glioma/Tr-gl_594.png,glioma,glioma
4,Training/glioma/Tr-gl_595.png,glioma,glioma
4,Training/glioma/Tr-gl_599.png,glioma,glioma
4,Training/glioma/Tr-gl_60.png,glioma,glioma
4,Training/glioma/Tr-gl_600.png,glioma,glioma
4,Training/glioma/Tr-gl_606.png,glioma,glioma
4,Training/glioma/Tr-gl_611.png,glioma,glioma
4,Training/glioma/Tr-gl_62.png,glioma,glioma
4,Training/glioma/Tr-gl_621.png,glioma,glioma
4,Training/glioma/Tr-gl_624.png,glioma,glioma
4,Training/glioma/Tr-gl_625.png,glioma,glioma
4,Training/glioma/Tr-gl_627.png,glioma,glioma
4,Training/glioma/Tr-gl_636.png,glioma,glioma
4,Training/glioma/Tr-gl_637.png,glioma,glioma
4,Training/glioma/Tr-gl_64.png,glioma,pituitary
4,Training/glioma/Tr-gl_655.png,glioma,glioma
4,Training/glioma/Tr-gl_658.png,glioma,glioma
4,Training/glioma/Tr-gl_661.png,glioma,glioma
4,Training/glioma/Tr-gl_663.png,glioma,glioma
4,Training/glioma/Tr-gl_685.png,glioma,glioma
4,Training/glioma/Tr-gl_687.png,glioma,meningioma
4,Training/glioma/Tr-gl_69.png,glioma,glioma
4,Training/glioma/Tr-gl_690.png,glioma,glioma
4,Training/glioma/Tr-gl_693.png,glioma,glioma
4,Training/glioma/Tr-gl_695.png,glioma,glioma
4,Training/glioma/Tr-gl_698.png,glioma,glioma
4,Training/glioma/Tr-gl_700.png,glioma,glioma
4,Training/glioma/Tr-gl_705.png,glioma,glioma
4,Training/glioma/Tr-gl_709.png,glioma,glioma
4,Training/glioma/Tr-gl_716.png,glioma,glioma
4,Training/glioma/Tr-gl_72.png,glioma,glioma
4,Training/glioma/Tr-gl_722.png,glioma,glioma
4,Training/glioma/Tr-gl_727.png,glioma,glioma
4,Training/glioma/Tr-gl_728.png,glioma,glioma
4,Training/glioma/Tr-gl_734.png,glioma,pituitary
4,Training/glioma/Tr-gl_735.png,glioma,glioma
4,Training/glioma/Tr-gl_738.png,glioma,glioma
4,Training/glioma/Tr-gl_747.png,glioma,glioma
4,Training/glioma/Tr-gl_750.png,glioma,glioma
4,Training/glioma/Tr-gl_754.png,glioma,glioma
4,Training/glioma/Tr-gl_756.png,glioma,glioma
4,Training/glioma/Tr-gl_766.png,glioma,glioma
4,Training/glioma/Tr-gl_777.png,glioma,glioma
4,Training/glioma/Tr-gl_78.png,glioma,glioma
4,Training/glioma/Tr-gl_780.png,glioma,meningioma
4,Training/glioma/Tr-gl_797.png,glioma,glioma
4,Training/glioma/Tr-gl_798.png,glioma,glioma
4,Training/glioma/Tr-gl_80.png,glioma,glioma
4,Training/glioma/Tr-gl_801.png,glioma,glioma
4,Training/glioma/Tr-gl_812.png,glioma,glioma
4,Training/glioma/Tr-gl_818.png,glioma,glioma
4,Training/glioma/Tr-gl_826.png,glioma,glioma
4,Training/glioma/Tr-gl_828.png,glioma,glioma
4,Training/glioma/Tr-gl_840.png,glioma,glioma
4,Training/glioma/Tr-gl_847.png,glioma,glioma
4,Training/glioma/Tr-gl_856.png,glioma,glioma
4,Training/glioma/Tr-gl_862.png,glioma,glioma
4,Training/glioma/Tr-gl_866.png,glioma,glioma
4,Training/glioma/Tr-gl_869.png,glioma,glioma
4,Training/glioma/Tr-gl_875.png,glioma,glioma
4,Training/glioma/Tr-gl_879.png,glioma,glioma
4,Training/glioma/Tr-gl_88.png,glioma,glioma
4,Training/glioma/Tr-gl_880.png,glioma,meningioma
4,Training/glioma/Tr-gl_884.png,glioma,glioma
4,Training/glioma/Tr-gl_889.png,glioma,glioma
4,Training/glioma/Tr-gl_891.png,glioma,meningioma
4,Training/glioma/Tr-gl_898.png,glioma,glioma
4,Training/glioma/Tr-gl_899.png,glioma,glioma
4,Training/glioma/Tr-gl_9.png,glioma,pituitary
4,Training/glioma/Tr-gl_902.png,glioma,glioma
4,Training/glioma/Tr-gl_904.png,glioma,glioma
4,Training/glioma/Tr-gl_911.png,glioma,glioma
4,Training/glioma/Tr-gl_918.png,glioma,meningioma
4,Training/glioma/Tr-gl_924.png,glioma,glioma
4,Training/glioma/Tr-gl_925.png,glioma,glioma
4,Training/glioma/Tr-gl_929.png,glioma,glioma
4,Training/glioma/Tr-gl_934.png,glioma,glioma
4,Training/glioma/Tr-gl_941.png,glioma,glioma
4,Training/glioma/Tr-gl_942.png,glioma,glioma
4,Training/glioma/Tr-gl_943.png,glioma,meningioma
4,Training/glioma/Tr-gl_95.png,glioma,glioma
4,Training/glioma/Tr-gl_959.png,glioma,glioma
4,Training/glioma/Tr-gl_967.png,glioma,glioma
4,Training/glioma/Tr-gl_969.png,glioma,glioma
4,Training/glioma/Tr-gl_971.png,glioma,glioma
4,Training/glioma/Tr-gl_973.png,glioma,glioma
4,Training/glioma/Tr-gl_980.png,glioma,glioma
4,Training/glioma/Tr-gl_988.png,glioma,glioma
4,Training/glioma/Tr-gl_994.png,glioma,meningioma
4,Training/glioma/Tr-gl_995.png,glioma,glioma
4,Training/glioma/Tr-gl_998.png,glioma,glioma
4,Training/meningioma/Tr-aug-me_1.png,meningioma,meningioma
4,Training/meningioma/Tr-aug-me_12.png,meningioma,glioma
4,Training/meningioma/Tr-aug-me_13.png,meningioma,meningioma
4,Training/meningioma/Tr-aug-me_15.png,meningioma,meningioma
4,Training/meningioma/Tr-aug-me_19.png,meningioma,meningioma
4,Training/meningioma/Tr-aug-me_22.png,meningioma,meningioma
4,Training/meningioma/Tr-aug-me_29.png,meningioma,meningioma
4,Training/meningioma/Tr-aug-me_30.png,meningioma,meningioma
4,Training/meningioma/Tr-aug-me_55.png,meningioma,meningioma
4,Training/meningioma/Tr-aug-me_57.png,meningioma,glioma
4,Training/meningioma/Tr-aug-me_62.png,meningioma,meningioma
4,Training/meningioma/Tr-aug-me_63.png,meningioma,meningioma
4,Training/meningioma/Tr-aug-me_65.png,meningioma,meningioma
4,Training/meningioma/Tr-aug-me_66.png,meningioma,meningioma
4,Training/meningioma/Tr-aug-me_71.png,meningioma,meningioma
4,Training/meningioma/Tr-aug-me_74.png,meningioma,meningioma
4,Training/meningioma/Tr-aug-me_75.png,meningioma,meningioma
4,Training/meningioma/Tr-aug-me_87.png,meningioma,glioma
4,Training/meningioma/Tr-aug-me_91.png,meningioma,meningioma
4,Training/meningioma/Tr-aug-me_98.png,meningioma,meningioma
4,Training/meningioma/Tr-me_10.png,meningioma,glioma
4,Training/meningioma/Tr-me_1001.png,meningioma,meningioma
4,Training/meningioma/Tr-me_1002.png,meningioma,meningioma
4,Training/meningioma/Tr-me_1004.png,meningioma,meningioma
4,Training/meningioma/Tr-me_101.png,meningioma,meningioma
4,Training/meningioma/Tr-me_1010.png,meningioma,meningioma
4,Training/meningioma/Tr-me_1011.png,meningioma,glioma
4,Training/meningioma/Tr-me_1015.png,meningioma,meningioma
4,Training/meningioma/Tr-me_1018.png,meningioma,meningioma
4,Training/meningioma/Tr-me_1020.png,meningioma,meningioma
4,Training/meningioma/Tr-me_1024.png,meningioma,meningioma
4,Training/meningioma/Tr-me_1026.png,meningioma,meningioma
4,Training/meningioma/Tr-me_1031.png,meningioma,meningioma
4,Training/meningioma/Tr-me_1033.png,meningioma,meningioma
4,Training/meningioma/Tr-me_1036.png,meningioma,meningioma
4,Training/meningioma/Tr-me_1042.png,meningioma,meningioma
4,Training/meningioma/Tr-me_1044.png,meningioma,meningioma
4,Training/meningioma/Tr-me_1054.png,meningioma,meningioma
4,Training/meningioma/Tr-me_1056.png,meningioma,meningioma
4,Training/meningioma/Tr-me_1059.png,meningioma,meningioma
4,Training/meningioma/Tr-me_1068.png,meningioma,meningioma
4,Training/meningioma/Tr-me_1073.png,meningioma,glioma
4,Training/meningioma/Tr-me_1077.png,meningioma,meningioma
4,Training/meningioma/Tr-me_1079.png,meningioma,meningioma
4,Training/meningioma/Tr-me_1084.png,meningioma,meningioma
4,Training/meningioma/Tr-me_1087.png,meningioma,meningioma
4,Training/meningioma/Tr-me_1092.png,meningioma,glioma
4,Training/meningioma/Tr-me_11.png,meningioma,glioma
4,Training/meningioma/Tr-me_1108.png,meningioma,meningioma
4,Training/meningioma/Tr-me_1112.png,meningioma,notumor
4,Training/meningioma/Tr-me_1117.png,meningioma,meningioma
4,Training/meningioma/Tr-me_1121.png,meningioma,notumor
4,Training/meningioma/Tr-me_1126.png,meningioma,meningioma
4,Training/meningioma/Tr-me_1128.png,meningioma,meningioma
4,Training/meningioma/Tr-me_1131.png,meningioma,meningioma
4,Training/meningioma/Tr-me_114.png,meningioma,meningioma
4,Training/meningioma/Tr-me_1142.png,meningioma,meningioma
4,Training/meningioma/Tr-me_1152.png,meningioma,meningioma
4,Training/meningioma/Tr-me_1161.png,meningioma,pituitary
4,Training/meningioma/Tr-me_1162.png,meningioma,meningioma
4,Training/meningioma/Tr-me_1163.png,meningioma,notumor
4,Training/meningioma/Tr-me_117.png,meningioma,meningioma
4,Training/meningioma/Tr-me_1176.png,meningioma,meningioma
4,Training/meningioma/Tr-me_1180.png,meningioma,pituitary
4,Training/meningioma/Tr-me_1189.png,meningioma,meningioma
4,Training/meningioma/Tr-me_1192.png,meningioma,meningioma
4,Training/meningioma/Tr-me_1196.png,meningioma,meningioma
4,Training/meningioma/Tr-me_1197.png,meningioma,meningioma
4,Training/meningioma/Tr-me_1199.png,meningioma,meningioma
4,Training/meningioma/Tr-me_12.png,meningioma,meningioma
4,Training/meningioma/Tr-me_1206.png,meningioma,meningioma
4,Training/meningioma/Tr-me_1208.png,meningioma,meningioma
4,Training/meningioma/Tr-me_121.png,meningioma,meningioma
4,Training/meningioma/Tr-me_1219.png,meningioma,meningioma
4,Training/meningioma/Tr-me_1221.png,meningioma,meningioma
4,Training/meningioma/Tr-me_1222.png,meningioma,meningioma
4,Training/meningioma/Tr-me_123.png,meningioma,glioma
4,Training/meningioma/Tr-me_1231.png,meningioma,meningioma
4,Training/meningioma/Tr-me_1239.png,meningioma,meningioma
4,Training/meningioma/Tr-me_124.png,meningioma,meningioma
4,Training/meningioma/Tr-me_1241.png,meningioma,meningioma
4,Training/meningioma/Tr-me_1243.png,meningioma,meningioma
4,Training/meningioma/Tr-me_1261.png,meningioma,meningioma
4,Training/meningioma/Tr-me_1272.png,meningioma,glioma
4,Training/meningioma/Tr-me_1282.png,meningioma,meningioma
4,Training/meningioma/Tr-me_1299.png,meningioma,meningioma
4,Training/meningioma/Tr-me_132.png,meningioma,pituitary
4,Training/meningioma/Tr-me_151.png,meningioma,meningioma
4,Training/meningioma/Tr-me_154.png,meningioma,notumor
4,Training/meningioma/Tr-me_163.png,meningioma,meningioma
4,Training/meningioma/Tr-me_166.png,meningioma,meningioma
4,Training/meningioma/Tr-me_168.png,meningioma,meningioma
4,Training/meningioma/Tr-me_174.png,meningioma,meningioma
4,Training/meningioma/Tr-me_176.png,meningioma,meningioma
4,Training/meningioma/Tr-me_177.png,meningioma,meningioma
4,Training/meningioma/Tr-me_18.png,meningioma,meningioma
4,Training/meningioma/Tr-me_180.png,meningioma,meningioma
4,Training/meningioma/Tr-me_182.png,meningioma,meningioma
4,Training/meningioma/Tr-me_189.png,meningioma,glioma
4,Training/meningioma/Tr-me_194.png,meningioma,meningioma
4,Training/meningioma/Tr-me_211.png,meningioma,meningioma
4,Training/meningioma/Tr-me_220.png,meningioma,glioma
4,Training/meningioma/Tr-me_222.png,meningioma,meningioma
4,Training/meningioma/Tr-me_227.png,meningioma,meningioma
4,Training/meningioma/Tr-me_236.png,meningioma,meningioma
4,Training/meningioma/Tr-me_241.png,meningioma,notumor
4,Training/meningioma/Tr-me_242.png,meningioma,meningioma
4,Training/meningioma/Tr-me_246.png,meningioma,meningioma
4,Training/meningioma/Tr-me_252.png,meningioma,meningioma
4,Training/meningioma/Tr-me_256.png,meningioma,meningioma
4,Training/meningioma/Tr-me_257.png,meningioma,meningioma
4,Training/meningioma/Tr-me_259.png,meningioma,meningioma
4,Training/meningioma/Tr-me_263.png,meningioma,meningioma
4,Training/meningioma/Tr-me_265.png,meningioma,meningioma
4,Training/meningioma/Tr-me_268.png,meningioma,meningioma
4,Training/meningioma/Tr-me_269.png,meningioma,meningioma
4,Training/meningioma/Tr-me_273.png,meningioma,meningioma
4,Training/meningioma/Tr-me_274.png,meningioma,meningioma
4,Training/meningioma/Tr-me_288.png,meningioma,meningioma
4,Training/meningioma/Tr-me_292.png,meningioma,meningioma
4,Training/meningioma/Tr-me_293.png,meningioma,meningioma
4,Training/meningioma/Tr-me_294.png,meningioma,meningioma
4,Training/meningioma/Tr-me_295.png,meningioma,meningioma
4,Training/meningioma/Tr-me_30.png,meningioma,meningioma
4,Training/meningioma/Tr-me_305.png,meningioma,meningioma
4,Training/meningioma/Tr-me_315.png,meningioma,pituitary
4,Training/meningioma/Tr-me_316.png,meningioma,meningioma
4,Training/meningioma/Tr-me_317.png,meningioma,meningioma
4,Training/meningioma/Tr-me_318.png,meningioma,notumor
4,Training/meningioma/Tr-me_323.png,meningioma,meningioma
4,Training/meningioma/Tr-me_327.png,meningioma,meningioma
4,Training/meningioma/Tr-me_33.png,meningioma,meningioma
4,Training/meningioma/Tr-me_351.png,meningioma,meningioma
4,Training/meningioma/Tr-me_353.png,meningioma,meningioma
4,Training/meningioma/Tr-me_356.png,meningioma,meningioma
4,Training/meningioma/Tr-me_362.png,meningioma,meningioma
4,Training/meningioma/Tr-me_376.png,meningioma,meningioma
4,Training/meningioma/Tr-me_379.png,meningioma,meningioma
4,Training/meningioma/Tr-me_381.png,meningioma,meningioma
4,Training/meningioma/Tr-me_384.png,meningioma,meningioma
4,Training/meningioma/Tr-me_394.png,meningioma,glioma
4,Training/meningioma/Tr-me_396.png,meningioma,meningioma
4,Training/meningioma/Tr-me_399.png,meningioma,meningioma
4,Training/meningioma/Tr-me_400.png,meningioma,meningioma
4,Training/meningioma/Tr-me_405.png,meningioma,meningioma
4,Training/meningioma/Tr-me_407.png,meningioma,meningioma
4,Training/meningioma/Tr-me_408.png,meningioma,meningioma
4,Training/meningioma/Tr-me_409.png,meningioma,meningioma
4,Training/meningioma/Tr-me_413.png,meningioma,meningioma
4,Training/meningioma/Tr-me_414.png,meningioma,meningioma
4,Training/meningioma/Tr-me_416.png,meningioma,meningioma
4,Training/meningioma/Tr-me_417.png,meningioma,notumor
4,Training/meningioma/Tr-me_418.png,meningioma,meningioma
4,Training/meningioma/Tr-me_42.png,meningioma,meningioma
4,Training/meningioma/Tr-me_424.png,meningioma,notumor
4,Training/meningioma/Tr-me_432.png,meningioma,meningioma
4,Training/meningioma/Tr-me_435.png,meningioma,meningioma
4,Training/meningioma/Tr-me_443.png,meningioma,meningioma
4,Training/meningioma/Tr-me_444.png,meningioma,pituitary
4,Training/meningioma/Tr-me_445.png,meningioma,pituitary
4,Training/meningioma/Tr-me_446.png,meningioma,meningioma
4,Training/meningioma/Tr-me_453.png,meningioma,notumor
4,Training/meningioma/Tr-me_460.png,meningioma,meningioma
4,Training/meningioma/Tr-me_462.png,meningioma,meningioma
4,Training/meningioma/Tr-me_465.png,meningioma,notumor
4,Training/meningioma/Tr-me_466.png,meningioma,meningioma
4,Training/meningioma/Tr-me_486.png,meningioma,meningioma
4,Training/meningioma/Tr-me_490.png,meningioma,glioma
4,Training/meningioma/Tr-me_492.png,meningioma,meningioma
4,Training/meningioma/Tr-me_497.png,meningioma,notumor
4,Training/meningioma/Tr-me_501.png,meningioma,meningioma
4,Training/meningioma/Tr-me_509.png,meningioma,meningioma
4,Training/meningioma/Tr-me_512.png,meningioma,meningioma
4,Training/meningioma/Tr-me_517.png,meningioma,meningioma
4,Training/meningioma/Tr-me_52.png,meningioma,meningioma
4,Training/meningioma/Tr-me_521.png,meningioma,meningioma
4,Training/meningioma/Tr-me_531.png,meningioma,meningioma
4,Training/meningioma/Tr-me_542.png,meningioma,glioma
4,Training/meningioma/Tr-me_544.png,meningioma,meningioma
4,Training/meningioma/Tr-me_549.png,meningioma,meningioma
4,Training/meningioma/Tr-me_551.png,meningioma,meningioma
4,Training/meningioma/Tr-me_556.png,meningioma,meningioma
4,Training/meningioma/Tr-me_558.png,meningioma,meningioma
4,Training/meningioma/Tr-me_565.png,meningioma,glioma
4,Training/meningioma/Tr-me_57.png,meningioma,meningioma
4,Training/meningioma/Tr-me_575.png,meningioma,glioma
4,Training/meningioma/Tr-me_578.png,meningioma,meningioma
4,Training/meningioma/Tr-me_579.png,meningioma,meningioma
4,Training/meningioma/Tr-me_580.png,meningioma,meningioma
4,Training/meningioma/Tr-me_582.png,meningioma,meningioma
4,Training/meningioma/Tr-me_593.png,meningioma,pituitary
4,Training/meningioma/Tr-me_605.png,meningioma,meningioma
4,Training/meningioma/Tr-me_606.png,meningioma,pituitary
4,Training/meningioma/Tr-me_609.png,meningioma,glioma
4,Training/meningioma/Tr-me_616.png,meningioma,meningioma
4,Training/meningioma/Tr-me_627.png,meningioma,meningioma
4,Training/meningioma/Tr-me_628.png,meningioma,meningioma
4,Training/meningioma/Tr-me_636.png,meningioma,meningioma
4,Training/meningioma/Tr-me_649.png,meningioma,meningioma
4,Training/meningioma/Tr-me_656.png,meningioma,meningioma
4,Training/meningioma/Tr-me_658.png,meningioma,pituitary
4,Training/meningioma/Tr-me_663.png,meningioma,glioma
4,Training/meningioma/Tr-me_665.png,meningioma,meningioma
4,Training/meningioma/Tr-me_679.png,meningioma,meningioma
4,Training/meningioma/Tr-me_680.png,meningioma,meningioma
4,Training/meningioma/Tr-me_681.png,meningioma,meningioma
4,Training/meningioma/Tr-me_687.png,meningioma,meningioma
4,Training/meningioma/Tr-me_688.png,meningioma,pituitary
4,Training/meningioma/Tr-me_699.png,meningioma,meningioma
4,Training/meningioma/Tr-me_70.png,meningioma,glioma
4,Training/meningioma/Tr-me_701.png,meningioma,pituitary
4,Training/meningioma/Tr-me_702.png,meningioma,meningioma
4,Training/meningioma/Tr-me_704.png,meningioma,meningioma
4,Training/meningioma/Tr-me_707.png,meningioma,meningioma
4,Training/meningioma/Tr-me_71.png,meningioma,meningioma
4,Training/meningioma/Tr-me_729.png,meningioma,meningioma
4,Training/meningioma/Tr-me_737.png,meningioma,notumor
4,Training/meningioma/Tr-me_740.png,meningioma,notumor
4,Training/meningioma/Tr-me_743.png,meningioma,meningioma
4,Training/meningioma/Tr-me_746.png,meningioma,meningioma
4,Training/meningioma/Tr-me_758.png,meningioma,meningioma
4,Training/meningioma/Tr-me_763.png,meningioma,meningioma
4,Training/meningioma/Tr-me_765.png,meningioma,meningioma
4,Training/meningioma/Tr-me_766.png,meningioma,meningioma
4,Training/meningioma/Tr-me_772.png,meningioma,meningioma
4,Training/meningioma/Tr-me_775.png,meningioma,meningioma
4,Training/meningioma/Tr-me_779.png,meningioma,glioma
4,Training/meningioma/Tr-me_781.png,meningioma,meningioma
4,Training/meningioma/Tr-me_783.png,meningioma,glioma
4,Training/meningioma/Tr-me_788.png,meningioma,meningioma
4,Training/meningioma/Tr-me_789.png,meningioma,pituitary
4,Training/meningioma/Tr-me_791.png,meningioma,meningioma
4,Training/meningioma/Tr-me_796.png,meningioma,glioma
4,Training/meningioma/Tr-me_797.png,meningioma,meningioma
4,Training/meningioma/Tr-me_798.png,meningioma,meningioma
4,Training/meningioma/Tr-me_799.png,meningioma,meningioma
4,Training/meningioma/Tr-me_80.png,meningioma,meningioma
4,Training/meningioma/Tr-me_800.png,meningioma,pituitary
4,Training/meningioma/Tr-me_803.png,meningioma,pituitary
4,Training/meningioma/Tr-me_810.png,meningioma,glioma
4,Training/meningioma/Tr-me_812.png,meningioma,meningioma
4,Training/meningioma/Tr-me_813.png,meningioma,meningioma
4,Training/meningioma/Tr-me_814.png,meningioma,glioma
4,Training/meningioma/Tr-me_816.png,meningioma,meningioma
4,Training/meningioma/Tr-me_819.png,meningioma,meningioma
4,Training/meningioma/Tr-me_83.png,meningioma,pituitary
4,Training/meningioma/Tr-me_831.png,meningioma,meningioma
4,Training/meningioma/Tr-me_833.png,meningioma,pituitary
4,Training/meningioma/Tr-me_837.png,meningioma,meningioma
4,Training/meningioma/Tr-me_84.png,meningioma,meningioma
4,Training/meningioma/Tr-me_843.png,meningioma,glioma
4,Training/meningioma/Tr-me_847.png,meningioma,glioma
4,Training/meningioma/Tr-me_85.png,meningioma,meningioma
4,Training/meningioma/Tr-me_852.png,meningioma,meningioma
4,Training/meningioma/Tr-me_856.png,meningioma,meningioma
4,Training/meningioma/Tr-me_864.png,meningioma,meningioma
4,Training/meningioma/Tr-me_890.png,meningioma,meningioma
4,Training/meningioma/Tr-me_895.png,meningioma,meningioma
4,Training/meningioma/Tr-me_898.png,meningioma,meningioma
4,Training/meningioma/Tr-me_901.png,meningioma,meningioma
4,Training/meningioma/Tr-me_903.png,meningioma,glioma
4,Training/meningioma/Tr-me_905.png,meningioma,meningioma
4,Training/meningioma/Tr-me_912.png,meningioma,pituitary
4,Training/meningioma/Tr-me_914.png,meningioma,meningioma
4,Training/meningioma/Tr-me_918.png,meningioma,meningioma
4,Training/meningioma/Tr-me_919.png,meningioma,meningioma
4,Training/meningioma/Tr-me_926.png,meningioma,pituitary
4,Training/meningioma/Tr-me_929.png,meningioma,pituitary
4,Training/meningioma/Tr-me_932.png,meningioma,meningioma
4,Training/meningioma/Tr-me_937.png,meningioma,meningioma
4,Training/meningioma/Tr-me_942.png,meningioma,notumor
4,Training/meningioma/Tr-me_948.png,meningioma,pituitary
4,Training/meningioma/Tr-me_953.png,meningioma,meningioma
4,Training/meningioma/Tr-me_957.png,meningioma,notumor
4,Training/meningioma/Tr-me_960.png,meningioma,meningioma
4,Training/meningioma/Tr-me_972.png,meningioma,meningioma
4,Training/meningioma/Tr-me_981.png,meningioma,pituitary
4,Training/meningioma/Tr-me_984.png,meningioma,pituitary
4,Training/meningioma/Tr-me_993.png,meningioma,pituitary
4,Training/meningioma/Tr-me_999.png,meningioma,meningioma
4,Training/notumor/Tr-no_1004.png,notumor,notumor
4,Training/notumor/Tr-no_1005.png,notumor,notumor
4,Training/notumor/Tr-no_1009.png,notumor,notumor
4,Training/notumor/Tr-no_1012.png,notumor,notumor
4,Training/notumor/Tr-no_1019.png,notumor,pituitary
4,Training/notumor/Tr-no_1022.png,notumor,notumor
4,Training/notumor/Tr-no_1028.png,notumor,notumor
4,Training/notumor/Tr-no_103.png,notumor,notumor
4,Training/notumor/Tr-no_1031.png,notumor,notumor
4,Training/notumor/Tr-no_1036.png,notumor,notumor
4,Training/notumor/Tr-no_1047.png,notumor,notumor
4,Training/notumor/Tr-no_1051.png,notumor,notumor
4,Training/notumor/Tr-no_1052.png,notumor,notumor
4,Training/notumor/Tr-no_1055.png,notumor,notumor
4,Training/notumor/Tr-no_1057.png,notumor,notumor
4,Training/notumor/Tr-no_1063.png,notumor,notumor
4,Training/notumor/Tr-no_1066.png,notumor,notumor
4,Training/notumor/Tr-no_1067.png,notumor,notumor
4,Training/notumor/Tr-no_1069.png,notumor,notumor
4,Training/notumor/Tr-no_1071.png,notumor,notumor
4,Training/notumor/Tr-no_1072.png,notumor,notumor
4,Training/notumor/Tr-no_1079.png,notumor,notumor
4,Training/notumor/Tr-no_108.png,notumor,notumor
4,Training/notumor/Tr-no_1083.png,notumor,notumor
4,Training/notumor/Tr-no_1086.png,notumor,notumor
4,Training/notumor/Tr-no_1087.png,notumor,notumor
4,Training/notumor/Tr-no_1088.png,notumor,notumor
4,Training/notumor/Tr-no_1091.png,notumor,notumor
4,Training/notumor/Tr-no_1095.png,notumor,notumor
4,Training/notumor/Tr-no_1108.png,notumor,notumor
4,Training/notumor/Tr-no_1111.png,notumor,notumor
4,Training/notumor/Tr-no_1112.png,notumor,notumor
4,Training/notumor/Tr-no_1116.png,notumor,notumor
4,Training/notumor/Tr-no_112.png,notumor,notumor
4,Training/notumor/Tr-no_1120.png,notumor,notumor
4,Training/notumor/Tr-no_1122.png,notumor,notumor
4,Training/notumor/Tr-no_1133.png,notumor,notumor
4,Training/notumor/Tr-no_1135.png,notumor,notumor
4,Training/notumor/Tr-no_1139.png,notumor,notumor
4,Training/notumor/Tr-no_1142.png,notumor,notumor
4,Training/notumor/Tr-no_1152.png,notumor,notumor
4,Training/notumor/Tr-no_1155.png,notumor,notumor
4,Training/notumor/Tr-no_1159.png,notumor,notumor
4,Training/notumor/Tr-no_1165.png,notumor,notumor
4,Training/notumor/Tr-no_1166.png,notumor,notumor
4,Training/notumor/Tr-no_1167.png,notumor,notumor
4,Training/notumor/Tr-no_1170.png,notumor,notumor
4,Training/notumor/Tr-no_1174.png,notumor,notumor
4,Training/notumor/Tr-no_1176.png,notumor,notumor
4,Training/notumor/Tr-no_1178.png,notumor,notumor
4,Training/notumor/Tr-no_1184.png,notumor,notumor
4,Training/notumor/Tr-no_1185.png,notumor,notumor
4,Training/notumor/Tr-no_1189.png,notumor,notumor
4,Training/notumor/Tr-no_119.png,notumor,notumor
4,Training/notumor/Tr-no_1198.png,notumor,notumor
4,Training/notumor/Tr-no_1200.png,notumor,notumor
4,Training/notumor/Tr-no_1203.png,notumor,notumor
4,Training/notumor/Tr-no_1217.png,notumor,notumor
4,Training/notumor/Tr-no_1218.png,notumor,notumor
4,Training/notumor/Tr-no_1220.png,notumor,notumor
4,Training/notumor/Tr-no_1221.png,notumor,notumor
4,Training/notumor/Tr-no_1223.png,notumor,notumor
4,Training/notumor/Tr-no_1229.png,notumor,notumor
4,Training/notumor/Tr-no_1243.png,notumor,notumor
4,Training/notumor/Tr-no_1244.png,notumor,notumor
4,Training/notumor/Tr-no_1252.png,notumor,notumor
4,Training/notumor/Tr-no_1257.png,notumor,notumor
4,Training/notumor/Tr-no_1260.png,notumor,notumor
4,Training/notumor/Tr-no_128.png,notumor,notumor
4,Training/notumor/Tr-no_1283.png,notumor,notumor
4,Training/notumor/Tr-no_129.png,notumor,notumor
4,Training/notumor/Tr-no_1291.png,notumor,meningioma
4,Training/notumor/Tr-no_1296.png,notumor,notumor
4,Training/notumor/Tr-no_1300.png,notumor,notumor
4,Training/notumor/Tr-no_1311.png,notumor,notumor
4,Training/notumor/Tr-no_1325.png,notumor,notumor
4,Training/notumor/Tr-no_1326.png,notumor,notumor
4,Training/notumor/Tr-no_1331.png,notumor,notumor
4,Training/notumor/Tr-no_1335.png,notumor,notumor
4,Training/notumor/Tr-no_1337.png,notumor,notumor
4,Training/notumor/Tr-no_1340.png,notumor,notumor
4,Training/notumor/Tr-no_1346.png,notumor,notumor
4,Training/notumor/Tr-no_1347.png,notumor,notumor
4,Training/notumor/Tr-no_1349.png,notumor,notumor
4,Training/notumor/Tr-no_1350.png,notumor,notumor
4,Training/notumor/Tr-no_1351.png,notumor,notumor
4,Training/notumor/Tr-no_1354.png,notumor,notumor
4,Training/notumor/Tr-no_1364.png,notumor,notumor
4,Training/notumor/Tr-no_1372.png,notumor,notumor
4,Training/notumor/Tr-no_1377.png,notumor,notumor
4,Training/notumor/Tr-no_1380.png,notumor,notumor
4,Training/notumor/Tr-no_1385.png,notumor,notumor
4,Training/notumor/Tr-no_1388.png,notumor,notumor
4,Training/notumor/Tr-no_1392.png,notumor,notumor
4,Training/notumor/Tr-no_148.png,notumor,notumor
4,Training/notumor/Tr-no_149.png,notumor,notumor
4,Training/notumor/Tr-no_15.png,notumor,notumor
4,Training/notumor/Tr-no_161.png,notumor,notumor
4,Training/notumor/Tr-no_164.png,notumor,notumor
4,Training/notumor/Tr-no_165.png,notumor,notumor
4,Training/notumor/Tr-no_169.png,notumor,notumor
4,Training/notumor/Tr-no_170.png,notumor,notumor
4,Training/notumor/Tr-no_172.png,notumor,notumor
4,Training/notumor/Tr-no_194.png,notumor,notumor
4,Training/notumor/Tr-no_197.png,notumor,notumor
4,Training/notumor/Tr-no_202.png,notumor,notumor
4,Training/notumor/Tr-no_203.png,notumor,notumor
4,Training/notumor/Tr-no_210.png,notumor,notumor
4,Training/notumor/Tr-no_213.png,notumor,notumor
4,Training/notumor/Tr-no_217.png,notumor,notumor
4,Training/notumor/Tr-no_221.png,notumor,notumor
4,Training/notumor/Tr-no_228.png,notumor,notumor
4,Training/notumor/Tr-no_232.png,notumor,notumor
4,Training/notumor/Tr-no_234.png,notumor,notumor
4,Training/notumor/Tr-no_237.png,notumor,notumor
4,Training/notumor/Tr-no_243.png,notumor,notumor
4,Training/notumor/Tr-no_245.png,notumor,notumor
4,Training/notumor/Tr-no_246.png,notumor,notumor
4,Training/notumor/Tr-no_249.png,notumor,notumor
4,Training/notumor/Tr-no_25.png,notumor,notumor
4,Training/notumor/Tr-no_26.png,notumor,notumor
4,Training/notumor/Tr-no_263.png,notumor,notumor
4,Training/notumor/Tr-no_272.png,notumor,notumor
4,Training/notumor/Tr-no_274.png,notumor,notumor
4,Training/notumor/Tr-no_278.png,notumor,notumor
4,Training/notumor/Tr-no_282.png,notumor,notumor
4,Training/notumor/Tr-no_286.png,notumor,notumor
4,Training/notumor/Tr-no_297.png,notumor,notumor
4,Training/notumor/Tr-no_303.png,notumor,notumor
4,Training/notumor/Tr-no_315.png,notumor,notumor
4,Training/notumor/Tr-no_318.png,notumor,notumor
4,Training/notumor/Tr-no_322.png,notumor,notumor
4,Training/notumor/Tr-no_323.png,notumor,notumor
4,Training/notumor/Tr-no_33.png,notumor,notumor
4,Training/notumor/Tr-no_331.png,notumor,notumor
4,Training/notumor/Tr-no_338.png,notumor,notumor
4,Training/notumor/Tr-no_343.png,notumor,notumor
4,Training/notumor/Tr-no_35.png,notumor,notumor
4,Training/notumor/Tr-no_367.png,notumor,notumor
4,Training/notumor/Tr-no_38.png,notumor,notumor
4,Training/notumor/Tr-no_380.png,notumor,notumor
4,Training/notumor/Tr-no_385.png,notumor,notumor
4,Training/notumor/Tr-no_398.png,notumor,notumor
4,Training/notumor/Tr-no_399.png,notumor,notumor
4,Training/notumor/Tr-no_403.png,notumor,notumor
4,Training/notumor/Tr-no_404.png,notumor,notumor
4,Training/notumor/Tr-no_407.png,notumor,notumor
4,Training/notumor/Tr-no_411.png,notumor,notumor
4,Training/notumor/Tr-no_414.png,notumor,notumor
4,Training/notumor/Tr-no_427.png,notumor,notumor
4,Training/notumor/Tr-no_428.png,notumor,glioma
4,Training/notumor/Tr-no_429.png,notumor,notumor
4,Training/notumor/Tr-no_430.png,notumor,notumor
4,Training/notumor/Tr-no_438.png,notumor,notumor
4,Training/notumor/Tr-no_439.png,notumor,notumor
4,Training/notumor/Tr-no_449.png,notumor,notumor
4,Training/notumor/Tr-no_45.png,notumor,notumor
4,Training/notumor/Tr-no_451.png,notumor,meningioma
4,Training/notumor/Tr-no_463.png,notumor,notumor
4,Training/notumor/Tr-no_464.png,notumor,notumor
4,Training/notumor/Tr-no_470.png,notumor,notumor
4,Training/notumor/Tr-no_471.png,notumor,notumor
4,Training/notumor/Tr-no_477.png,notumor,notumor
4,Training/notumor/Tr-no_483.png,notumor,notumor
4,Training/notumor/Tr-no_484.png,notumor,notumor
4,Training/notumor/Tr-no_490.png,notumor,meningioma
4,Training/notumor/Tr-no_494.png,notumor,notumor
4,Training/notumor/Tr-no_495.png,notumor,notumor
4,Training/notumor/Tr-no_509.png,notumor,notumor
4,Training/notumor/Tr-no_51.png,notumor,notumor
4,Training/notumor/Tr-no_513.png,notumor,notumor
4,Training/notumor/Tr-no_514.png,notumor,notumor
4,Training/notumor/Tr-no_515.png,notumor,notumor
4,Training/notumor/Tr-no_518.png,notumor,notumor
4,Training/notumor/Tr-no_528.png,notumor,notumor
4,Training/notumor/Tr-no_533.png,notumor,notumor
4,Training/notumor/Tr-no_534.png,notumor,notumor
4,Training/notumor/Tr-no_543.png,notumor,notumor
4,Training/notumor/Tr-no_545.png,notumor,notumor
4,Training/notumor/Tr-no_546.png,notumor,notumor
4,Training/notumor/Tr-no_552.png,notumor,notumor
4,Training/notumor/Tr-no_559.png,notumor,notumor
4,Training/notumor/Tr-no_561.png,notumor,notumor
4,Training/notumor/Tr-no_566.png,notumor,notumor
4,Training/notumor/Tr-no_574.png,notumor,notumor
4,Training/notumor/Tr-no_58.png,notumor,notumor
4,Training/notumor/Tr-no_580.png,notumor,notumor
4,Training/notumor/Tr-no_581.png,notumor,notumor
4,Training/notumor/Tr-no_583.png,notumor,notumor
4,Training/notumor/Tr-no_588.png,notumor,notumor
4,Training/notumor/Tr-no_593.png,notumor,notumor
4,Training/notumor/Tr-no_594.png,notumor,notumor
4,Training/notumor/Tr-no_596.png,notumor,notumor
4,Training/notumor/Tr-no_607.png,notumor,notumor
4,Training/notumor/Tr-no_610.png,notumor,notumor
4,Training/notumor/Tr-no_611.png,notumor,notumor
4,Training/notumor/Tr-no_622.png,notumor,notumor
4,Training/notumor/Tr-no_630.png,notumor,notumor
4,Training/notumor/Tr-no_633.png,notumor,notumor
4,Training/notumor/Tr-no_643.png,notumor,notumor
4,Training/notumor/Tr-no_647.png,notumor,notumor
4,Training/notumor/Tr-no_65.png,notumor,notumor
4,Training/notumor/Tr-no_652.png,notumor,notumor
4,Training/notumor/Tr-no_657.png,notumor,notumor
4,Training/notumor/Tr-no_659.png,notumor,notumor
4,Training/notumor/Tr-no_664.png,notumor,notumor
4,Training/notumor/Tr-no_666.png,notumor,notumor
4,Training/notumor/Tr-no_670.png,notumor,notumor
4,Training/notumor/Tr-no_673.png,notumor,notumor
4,Training/notumor/Tr-no_674.png,notumor,notumor
4,Training/notumor/Tr-no_679.png,notumor,notumor
4,Training/notumor/Tr-no_685.png,notumor,notumor
4,Training/notumor/Tr-no_691.png,notumor,notumor
4,Training/notumor/Tr-no_707.png,notumor,notumor
4,Training/notumor/Tr-no_710.png,notumor,notumor
4,Training/notumor/Tr-no_720.png,notumor,notumor
4,Training/notumor/Tr-no_723.png,notumor,notumor
4,Training/notumor/Tr-no_725.png,notumor,notumor
4,Training/notumor/Tr-no_730.png,notumor,notumor
4,Training/notumor/Tr-no_736.png,notumor,notumor
4,Training/notumor/Tr-no_739.png,notumor,notumor
4,Training/notumor/Tr-no_750.png,notumor,notumor
4,Training/notumor/Tr-no_751.png,notumor,notumor
4,Training/notumor/Tr-no_756.png,notumor,notumor
4,Training/notumor/Tr-no_760.png,notumor,notumor
4,Training/notumor/Tr-no_770.png,notumor,notumor
4,Training/notumor/Tr-no_771.png,notumor,notumor
4,Training/notumor/Tr-no_774.png,notumor,notumor
4,Training/notumor/Tr-no_794.png,notumor,glioma
4,Training/notumor/Tr-no_795.png,notumor,notumor
4,Training/notumor/Tr-no_799.png,notumor,notumor
4,Training/notumor/Tr-no_803.png,notumor,notumor
4,Training/notumor/Tr-no_807.png,notumor,notumor
4,Training/notumor/Tr-no_812.png,notumor,notumor
4,Training/notumor/Tr-no_827.png,notumor,notumor
4,Training/notumor/Tr-no_834.png,notumor,notumor
4,Training/notumor/Tr-no_835.png,notumor,notumor
4,Training/notumor/Tr-no_837.png,notumor,notumor
4,Training/notumor/Tr-no_839.png,notumor,notumor
4,Training/notumor/Tr-no_84.png,notumor,notumor
4,Training/notumor/Tr-no_845.png,notumor,notumor
4,Training/notumor/Tr-no_855.png,notumor,notumor
4,Training/notumor/Tr-no_861.png,notumor,notumor
4,Training/notumor/Tr-no_865.png,notumor,notumor
4,Training/notumor/Tr-no_873.png,notumor,notumor
4,Training/notumor/Tr-no_874.png,notumor,notumor
4,Training/notumor/Tr-no_879.png,notumor,notumor
4,Training/notumor/Tr-no_881.png,notumor,meningioma
4,Training/notumor/Tr-no_883.png,notumor,notumor
4,Training/notumor/Tr-no_885.png,notumor,notumor
4,Training/notumor/Tr-no_888.png,notumor,notumor
4,Training/notumor/Tr-no_889.png,notumor,notumor
4,Training/notumor/Tr-no_892.png,notumor,notumor
4,Training/notumor/Tr-no_895.png,notumor,meningioma
4,Training/notumor/Tr-no_896.png,notumor,notumor
4,Training/notumor/Tr-no_900.png,notumor,notumor
4,Training/notumor/Tr-no_904.png,notumor,notumor
4,Training/notumor/Tr-no_908.png,notumor,notumor
4,Training/notumor/Tr-no_911.png,notumor,notumor
4,Training/notumor/Tr-no_918.png,notumor,notumor
4,Training/notumor/Tr-no_919.png,notumor,notumor
4,Training/notumor/Tr-no_924.png,notumor,notumor
4,Training/notumor/Tr-no_929.png,notumor,notumor
4,Training/notumor/Tr-no_932.png,notumor,notumor
4,Training/notumor/Tr-no_937.png,notumor,notumor
4,Training/notumor/Tr-no_938.png,notumor,notumor
4,Training/notumor/Tr-no_941.png,notumor,notumor
4,Training/notumor/Tr-no_943.png,notumor,notumor
4,Training/notumor/Tr-no_944.png,notumor,notumor
4,Training/notumor/Tr-no_947.png,notumor,notumor
4,Training/notumor/Tr-no_951.png,notumor,notumor
4,Training/notumor/Tr-no_953.png,notumor,notumor
4,Training/notumor/Tr-no_963.png,notumor,notumor
4,Training/notumor/Tr-no_965.png,notumor,notumor
4,Training/notumor/Tr-no_981.png,notumor,notumor
4,Training/notumor/Tr-no_983.png,notumor,notumor
4,Training/notumor/Tr-no_987.png,notumor,notumor
4,Training/notumor/Tr-no_988.png,notumor,notumor
4,Training/notumor/Tr-no_990.png,notumor,notumor
4,Training/notumor/Tr-no_999.png,notumor,notumor
4,Training/pituitary/Tr-pi_10.png,pituitary,pituitary
4,Training/pituitary/Tr-pi_100.png,pituitary,pituitary
4,Training/pituitary/Tr-pi_1007.png,pituitary,pituitary
4,Training/pituitary/Tr-pi_1026.png,pituitary,glioma
4,Training/pituitary/Tr-pi_1030.png,pituitary,pituitary
4,Training/pituitary/Tr-pi_1037.png,pituitary,pituitary
4,Training/pituitary/Tr-pi_1044.png,pituitary,pituitary
4,Training/pituitary/Tr-pi_1050.png,pituitary,pituitary
4,Training/pituitary/Tr-pi_1059.png,pituitary,notumor
4,Training/pituitary/Tr-pi_106.png,pituitary,pituitary
4,Training/pituitary/Tr-pi_1065.png,pituitary,pituitary
4,Training/pituitary/Tr-pi_1067.png,pituitary,pituitary
4,Training/pituitary/Tr-pi_1069.png,pituitary,pituitary
4,Training/pituitary/Tr-pi_1072.png,pituitary,pituitary
4,Training/pituitary/Tr-pi_1077.png,pituitary,pituitary
4,Training/pituitary/Tr-pi_1078.png,pituitary,pituitary
4,Training/pituitary/Tr-pi_108.png,pituitary,pituitary
4,Training/pituitary/Tr-pi_1082.png,pituitary,pituitary
4,Training/pituitary/Tr-pi_1086.png,pituitary,pituitary
4,Training/pituitary/Tr-pi_1090.png,pituitary,pituitary
4,Training/pituitary/Tr-pi_1108.png,pituitary,pituitary
4,Training/pituitary/Tr-pi_1115.png,pituitary,pituitary
4,Training/pituitary/Tr-pi_1118.png,pituitary,pituitary
4,Training/pituitary/Tr-pi_1121.png,pituitary,pituitary
4,Training/pituitary/Tr-pi_1128.png,pituitary,pituitary
4,Training/pituitary/Tr-pi_113.png,pituitary,pituitary
4,Training/pituitary/Tr-pi_1135.png,pituitary,pituitary
4,Training/pituitary/Tr-pi_1141.png,pituitary,glioma
4,Training/pituitary/Tr-pi_1142.png,pituitary,pituitary
4,Training/pituitary/Tr-pi_1143.png,pituitary,pituitary
4,Training/pituitary/Tr-pi_1144.png,pituitary,pituitary
4,Training/pituitary/Tr-pi_1145.png,pituitary,pituitary
4,Training/pituitary/Tr-pi_1153.png,pituitary,meningioma
4,Training/pituitary/Tr-pi_1155.png,pituitary,pituitary
4,Training/pituitary/Tr-pi_116.png,pituitary,pituitary
4,Training/pituitary/Tr-pi_1169.png,pituitary,pituitary
4,Training/pituitary/Tr-pi_117.png,pituitary,pituitary
4,Training/pituitary/Tr-pi_1171.png,pituitary,pituitary
4,Training/pituitary/Tr-pi_1174.png,pituitary,pituitary
4,Training/pituitary/Tr-pi_1177.png,pituitary,pituitary
4,Training/pituitary/Tr-pi_1178.png,pituitary,pituitary
4,Training/pituitary/Tr-pi_1185.png,pituitary,pituitary
4,Training/pituitary/Tr-pi_1189.png,pituitary,pituitary
4,Training/pituitary/Tr-pi_1193.png,pituitary,pituitary
4,Training/pituitary/Tr-pi_12.png,pituitary,glioma
4,Training/pituitary/Tr-pi_1201.png,pituitary,pituitary
4,Training/pituitary/Tr-pi_1202.png,pituitary,pituitary
4,Training/pituitary/Tr-pi_1210.png,pituitary,pituitary
4,Training/pituitary/Tr-pi_1211.png,pituitary,pituitary
4,Training/pituitary/Tr-pi_1212.png,pituitary,pituitary
4,Training/pituitary/Tr-pi_1213.png,pituitary,pituitary
4,Training/pituitary/Tr-pi_1215.png,pituitary,pituitary
4,Training/pituitary/Tr-pi_1223.png,pituitary,glioma
4,Training/pituitary/Tr-pi_1224.png,pituitary,pituitary
4,Training/pituitary/Tr-pi_123.png,pituitary,pituitary
4,Training/pituitary/Tr-pi_1233.png,pituitary,pituitary
4,Training/pituitary/Tr-pi_1242.png,pituitary,pituitary
4,Training/pituitary/Tr-pi_1245.png,pituitary,pituitary
4,Training/pituitary/Tr-pi_1250.png,pituitary,pituitary
4,Training/pituitary/Tr-pi_1253.png,pituitary,pituitary
4,Training/pituitary/Tr-pi_126.png,pituitary,pituitary
4,Training/pituitary/Tr-pi_1264.png,pituitary,pituitary
4,Training/pituitary/Tr-pi_1270.png,pituitary,pituitary
4,Training/pituitary/Tr-pi_1274.png,pituitary,pituitary
4,Training/pituitary/Tr-pi_1277.png,pituitary,pituitary
4,Training/pituitary/Tr-pi_1283.png,pituitary,pituitary
4,Training/pituitary/Tr-pi_1284.png,pituitary,pituitary
4,Training/pituitary/Tr-pi_1285.png,pituitary,pituitary
4,Training/pituitary/Tr-pi_1295.png,pituitary,pituitary
4,Training/pituitary/Tr-pi_13.png,pituitary,meningioma
4,Training/pituitary/Tr-pi_130.png,pituitary,glioma
4,Training/pituitary/Tr-pi_1300.png,pituitary,pituitary
4,Training/pituitary/Tr-pi_1302.png,pituitary,pituitary
4,Training/pituitary/Tr-pi_1304.png,pituitary,pituitary
4,Training/pituitary/Tr-pi_1305.png,pituitary,pituitary
4,Training/pituitary/Tr-pi_1309.png,pituitary,pituitary
4,Training/pituitary/Tr-pi_1313.png,pituitary,pituitary
4,Training/pituitary/Tr-pi_1317.png,pituitary,pituitary
4,Training/pituitary/Tr-pi_1319.png,pituitary,pituitary
4,Training/pituitary/Tr-pi_132.png,pituitary,pituitary
4,Training/pituitary/Tr-pi_133.png,pituitary,pituitary
4,Training/pituitary/Tr-pi_1340.png,pituitary,pituitary
4,Training/pituitary/Tr-pi_1342.png,pituitary,pituitary
4,Training/pituitary/Tr-pi_1347.png,pituitary,pituitary
4,Training/pituitary/Tr-pi_1353.png,pituitary,pituitary
4,Training/pituitary/Tr-pi_1355.png,pituitary,pituitary
4,Training/pituitary/Tr-pi_1358.png,pituitary,pituitary
4,Training/pituitary/Tr-pi_136.png,pituitary,pituitary
4,Training/pituitary/Tr-pi_1375.png,pituitary,pituitary
4,Training/pituitary/Tr-pi_1393.png,pituitary,pituitary
4,Training/pituitary/Tr-pi_1394.png,pituitary,pituitary
4,Training/pituitary/Tr-pi_1395.png,pituitary,pituitary
4,Training/pituitary/Tr-pi_1400.png,pituitary,pituitary
4,Training/pituitary/Tr-pi_146.png,pituitary,pituitary
4,Training/pituitary/Tr-pi_147.png,pituitary,pituitary
4,Training/pituitary/Tr-pi_15.png,pituitary,pituitary
4,Training/pituitary/Tr-pi_155.png,pituitary,pituitary
4,Training/pituitary/Tr-pi_156.png,pituitary,pituitary
4,Training/pituitary/Tr-pi_177.png,pituitary,pituitary
4,Training/pituitary/Tr-pi_179.png,pituitary,pituitary
4,Training/pituitary/Tr-pi_186.png,pituitary,pituitary
4,Training/pituitary/Tr-pi_194.png,pituitary,pituitary
4,Training/pituitary/Tr-pi_198.png,pituitary,pituitary
4,Training/pituitary/Tr-pi_201.png,pituitary,pituitary
4,Training/pituitary/Tr-pi_209.png,pituitary,pituitary
4,Training/pituitary/Tr-pi_21.png,pituitary,pituitary
4,Training/pituitary/Tr-pi_213.png,pituitary,pituitary
4,Training/pituitary/Tr-pi_216.png,pituitary,pituitary
4,Training/pituitary/Tr-pi_223.png,pituitary,pituitary
4,Training/pituitary/Tr-pi_234.png,pituitary,pituitary
4,Training/pituitary/Tr-pi_236.png,pituitary,pituitary
4,Training/pituitary/Tr-pi_238.png,pituitary,glioma
4,Training/pituitary/Tr-pi_24.png,pituitary,pituitary
4,Training/pituitary/Tr-pi_246.png,pituitary,pituitary
4,Training/pituitary/Tr-pi_250.png,pituitary,pituitary
4,Training/pituitary/Tr-pi_252.png,pituitary,pituitary
4,Training/pituitary/Tr-pi_256.png,pituitary,pituitary
4,Training/pituitary/Tr-pi_271.png,pituitary,pituitary
4,Training/pituitary/Tr-pi_275.png,pituitary,pituitary
4,Training/pituitary/Tr-pi_276.png,pituitary,pituitary
4,Training/pituitary/Tr-pi_279.png,pituitary,pituitary
4,Training/pituitary/Tr-pi_28.png,pituitary,pituitary
4,Training/pituitary/Tr-pi_284.png,pituitary,pituitary
4,Training/pituitary/Tr-pi_289.png,pituitary,glioma
4,Training/pituitary/Tr-pi_291.png,pituitary,pituitary
4,Training/pituitary/Tr-pi_292.png,pituitary,pituitary
4,Training/pituitary/Tr-pi_294.png,pituitary,pituitary
4,Training/pituitary/Tr-pi_30.png,pituitary,pituitary
4,Training/pituitary/Tr-pi_304.png,pituitary,pituitary
4,Training/pituitary/Tr-pi_305.png,pituitary,glioma
4,Training/pituitary/Tr-pi_317.png,pituitary,meningioma
4,Training/pituitary/Tr-pi_319.png,pituitary,pituitary
4,Training/pituitary/Tr-pi_323.png,pituitary,pituitary
4,Training/pituitary/Tr-pi_33.png,pituitary,pituitary
4,Training/pituitary/Tr-pi_333.png,pituitary,pituitary
4,Training/pituitary/Tr-pi_337.png,pituitary,pituitary
4,Training/pituitary/Tr-pi_339.png,pituitary,glioma
4,Training/pituitary/Tr-pi_340.png,pituitary,pituitary
4,Training/pituitary/Tr-pi_344.png,pituitary,pituitary
4,Training/pituitary/Tr-pi_348.png,pituitary,pituitary
4,Training/pituitary/Tr-pi_35.png,pituitary,pituitary
4,Training/pituitary/Tr-pi_358.png,pituitary,pituitary
4,Training/pituitary/Tr-pi_359.png,pituitary,pituitary
4,Training/pituitary/Tr-pi_371.png,pituitary,glioma
4,Training/pituitary/Tr-pi_372.png,pituitary,pituitary
4,Training/pituitary/Tr-pi_379.png,pituitary,pituitary
4,Training/pituitary/Tr-pi_395.png,pituitary,pituitary
4,Training/pituitary/Tr-pi_396.png,pituitary,pituitary
4,Training/pituitary/Tr-pi_399.png,pituitary,pituitary
4,Training/pituitary/Tr-pi_400.png,pituitary,pituitary
4,Training/pituitary/Tr-pi_405.png,pituitary,pituitary
4,Training/pituitary/Tr-pi_406.png,pituitary,pituitary
4,Training/pituitary/Tr-pi_424.png,pituitary,pituitary
4,Training/pituitary/Tr-pi_429.png,pituitary,pituitary
4,Training/pituitary/Tr-pi_437.png,pituitary,pituitary
4,Training/pituitary/Tr-pi_446.png,pituitary,pituitary
4,Training/pituitary/Tr-pi_448.png,pituitary,pituitary
4,Training/pituitary/Tr-pi_455.png,pituitary,pituitary
4,Training/pituitary/Tr-pi_456.png,pituitary,pituitary
4,Training/pituitary/Tr-pi_460.png,pituitary,pituitary
4,Training/pituitary/Tr-pi_474.png,pituitary,pituitary
4,Training/pituitary/Tr-pi_478.png,pituitary,pituitary
4,Training/pituitary/Tr-pi_48.png,pituitary,pituitary
4,Training/pituitary/Tr-pi_482.png,pituitary,glioma
4,Training/pituitary/Tr-pi_488.png,pituitary,pituitary
4,Training/pituitary/Tr-pi_493.png,pituitary,glioma
4,Training/pituitary/Tr-pi_496.png,pituitary,pituitary
4,Training/pituitary/Tr-pi_5.png,pituitary,pituitary
4,Training/pituitary/Tr-pi_500.png,pituitary,glioma
4,Training/pituitary/Tr-pi_504.png,pituitary,pituitary
4,Training/pituitary/Tr-pi_511.png,pituitary,pituitary
4,Training/pituitary/Tr-pi_521.png,pituitary,pituitary
4,Training/pituitary/Tr-pi_524.png,pituitary,pituitary
4,Training/pituitary/Tr-pi_53.png,pituitary,pituitary
4,Training/pituitary/Tr-pi_531.png,pituitary,pituitary
4,Training/pituitary/Tr-pi_539.png,pituitary,pituitary
4,Training/pituitary/Tr-pi_542.png,pituitary,pituitary
4,Training/pituitary/Tr-pi_547.png,pituitary,glioma
4,Training/pituitary/Tr-pi_548.png,pituitary,pituitary
4,Training/pituitary/Tr-pi_555.png,pituitary,meningioma
4,Training/pituitary/Tr-pi_557.png,pituitary,glioma
4,Training/pituitary/Tr-pi_558.png,pituitary,pituitary
4,Training/pituitary/Tr-pi_563.png,pituitary,pituitary
4,Training/pituitary/Tr-pi_567.png,pituitary,pituitary
4,Training/pituitary/Tr-pi_577.png,pituitary,pituitary
4,Training/pituitary/Tr-pi_581.png,pituitary,pituitary
4,Training/pituitary/Tr-pi_582.png,pituitary,glioma
4,Training/pituitary/Tr-pi_586.png,pituitary,pituitary
4,Training/pituitary/Tr-pi_594.png,pituitary,pituitary
4,Training/pituitary/Tr-pi_598.png,pituitary,pituitary
4,Training/pituitary/Tr-pi_603.png,pituitary,pituitary
4,Training/pituitary/Tr-pi_604.png,pituitary,glioma
4,Training/pituitary/Tr-pi_605.png,pituitary,pituitary
4,Training/pituitary/Tr-pi_607.png,pituitary,pituitary
4,Training/pituitary/Tr-pi_612.png,pituitary,pituitary
4,Training/pituitary/Tr-pi_616.png,pituitary,pituitary
4,Training/pituitary/Tr-pi_620.png,pituitary,pituitary
4,Training/pituitary/Tr-pi_622.png,pituitary,pituitary
4,Training/pituitary/Tr-pi_626.png,pituitary,pituitary
4,Training/pituitary/Tr-pi_627.png,pituitary,pituitary
4,Training/pituitary/Tr-pi_631.png,pituitary,pituitary
4,Training/pituitary/Tr-pi_636.png,pituitary,glioma
4,Training/pituitary/Tr-pi_639.png,pituitary,pituitary
4,Training/pituitary/Tr-pi_641.png,pituitary,pituitary
4,Training/pituitary/Tr-pi_645.png,pituitary,pituitary
4,Training/pituitary/Tr-pi_65.png,pituitary,pituitary
4,Training/pituitary/Tr-pi_650.png,pituitary,pituitary
4,Training/pituitary/Tr-pi_657.png,pituitary,glioma
4,Training/pituitary/Tr-pi_664.png,pituitary,pituitary
4,Training/pituitary/Tr-pi_666.png,pituitary,pituitary
4,Training/pituitary/Tr-pi_67.png,pituitary,pituitary
4,Training/pituitary/Tr-pi_672.png,pituitary,pituitary
4,Training/pituitary/Tr-pi_674.png,pituitary,meningioma
4,Training/pituitary/Tr-pi_676.png,pituitary,pituitary
4,Training/pituitary/Tr-pi_680.png,pituitary,pituitary
4,Training/pituitary/Tr-pi_686.png,pituitary,pituitary
4,Training/pituitary/Tr-pi_69.png,pituitary,pituitary
4,Training/pituitary/Tr-pi_697.png,pituitary,pituitary
4,Training/pituitary/Tr-pi_700.png,pituitary,pituitary
4,Training/pituitary/Tr-pi_709.png,pituitary,pituitary
4,Training/pituitary/Tr-pi_710.png,pituitary,pituitary
4,Training/pituitary/Tr-pi_711.png,pituitary,pituitary
4,Training/pituitary/Tr-pi_712.png,pituitary,pituitary
4,Training/pituitary/Tr-pi_713.png,pituitary,pituitary
4,Training/pituitary/Tr-pi_714.png,pituitary,pituitary
4,Training/pituitary/Tr-pi_717.png,pituitary,pituitary
4,Training/pituitary/Tr-pi_737.png,pituitary,pituitary
4,Training/pituitary/Tr-pi_738.png,pituitary,pituitary
4,Training/pituitary/Tr-pi_739.png,pituitary,pituitary
4,Training/pituitary/Tr-pi_743.png,pituitary,pituitary
4,Training/pituitary/Tr-pi_747.png,pituitary,pituitary
4,Training/pituitary/Tr-pi_749.png,pituitary,pituitary
4,Training/pituitary/Tr-pi_754.png,pituitary,pituitary
4,Training/pituitary/Tr-pi_761.png,pituitary,pituitary
4,Training/pituitary/Tr-pi_766.png,pituitary,glioma
4,Training/pituitary/Tr-pi_768.png,pituitary,pituitary
4,Training/pituitary/Tr-pi_769.png,pituitary,pituitary
4,Training/pituitary/Tr-pi_772.png,pituitary,pituitary
4,Training/pituitary/Tr-pi_775.png,pituitary,pituitary
4,Training/pituitary/Tr-pi_789.png,pituitary,pituitary
4,Training/pituitary/Tr-pi_803.png,pituitary,pituitary
4,Training/pituitary/Tr-pi_805.png,pituitary,pituitary
4,Training/pituitary/Tr-pi_807.png,pituitary,pituitary
4,Training/pituitary/Tr-pi_811.png,pituitary,pituitary
4,Training/pituitary/Tr-pi_816.png,pituitary,pituitary
4,Training/pituitary/Tr-pi_830.png,pituitary,pituitary
4,Training/pituitary/Tr-pi_834.png,pituitary,glioma
4,Training/pituitary/Tr-pi_843.png,pituitary,pituitary
4,Training/pituitary/Tr-pi_848.png,pituitary,glioma
4,Training/pituitary/Tr-pi_852.png,pituitary,pituitary
4,Training/pituitary/Tr-pi_862.png,pituitary,pituitary
4,Training/pituitary/Tr-pi_864.png,pituitary,pituitary
4,Training/pituitary/Tr-pi_866.png,pituitary,pituitary
4,Training/pituitary/Tr-pi_87.png,pituitary,pituitary
4,Training/pituitary/Tr-pi_877.png,pituitary,pituitary
4,Training/pituitary/Tr-pi_883.png,pituitary,pituitary
4,Training/pituitary/Tr-pi_89.png,pituitary,pituitary
4,Training/pituitary/Tr-pi_9.png,pituitary,pituitary
4,Training/pituitary/Tr-pi_901.png,pituitary,pituitary
4,Training/pituitary/Tr-pi_902.png,pituitary,pituitary
4,Training/pituitary/Tr-pi_906.png,pituitary,pituitary
4,Training/pituitary/Tr-pi_908.png,pituitary,pituitary
4,Training/pituitary/Tr-pi_924.png,pituitary,pituitary
4,Training/pituitary/Tr-pi_931.png,pituitary,pituitary
4,Training/pituitary/Tr-pi_934.png,pituitary,pituitary
4,Training/pituitary/Tr-pi_935.png,pituitary,pituitary
4,Training/pituitary/Tr-pi_936.png,pituitary,pituitary
4,Training/pituitary/Tr-pi_938.png,pituitary,pituitary
4,Training/pituitary/Tr-pi_939.png,pituitary,meningioma
4,Training/pituitary/Tr-pi_94.png,pituitary,pituitary
4,Training/pituitary/Tr-pi_943.png,pituitary,pituitary
4,Training/pituitary/Tr-pi_946.png,pituitary,pituitary
4,Training/pituitary/Tr-pi_964.png,pituitary,pituitary
4,Training/pituitary/Tr-pi_969.png,pituitary,pituitary
4,Training/pituitary/Tr-pi_973.png,pituitary,pituitary
4,Training/pituitary/Tr-pi_979.png,pituitary,pituitary
4,Training/pituitary/Tr-pi_980.png,pituitary,meningioma
4,Training/pituitary/Tr-pi_993.png,pituitary,pituitary
4,Training/pituitary/Tr-pi_994.png,pituitary,pituitary
4,Training/pituitary/Tr-pi_999.png,pituitary,notumor
5,Training/glioma/Tr-gl_1032.png,glioma,meningioma
5,Training/glioma/Tr-gl_1046.png,glioma,glioma
5,Training/glioma/Tr-gl_1058.png,glioma,meningioma
5,Training/glioma/Tr-gl_1061.png,glioma,glioma
5,Training/glioma/Tr-gl_107.png,glioma,glioma
5,Training/glioma/Tr-gl_1076.png,glioma,glioma
5,Training/glioma/Tr-gl_1083.png,glioma,glioma
5,Training/glioma/Tr-gl_1086.png,glioma,glioma
5,Training/glioma/Tr-gl_1091.png,glioma,glioma
5,Training/glioma/Tr-gl_1095.png,glioma,glioma
5,Training/glioma/Tr-gl_1099.png,glioma,glioma
5,Training/glioma/Tr-gl_11.png,glioma,glioma
5,Training/glioma/Tr-gl_1100.png,glioma,glioma
5,Training/glioma/Tr-gl_1107.png,glioma,glioma
5,Training/glioma/Tr-gl_1114.png,glioma,glioma
5,Training/glioma/Tr-gl_1119.png,glioma,pituitary
5,Training/glioma/Tr-gl_1120.png,glioma,glioma
5,Training/glioma/Tr-gl_1124.png,glioma,glioma
5,Training/glioma/Tr-gl_1130.png,glioma,glioma
5,Training/glioma/Tr-gl_1133.png,glioma,glioma
5,Training/glioma/Tr-gl_1134.png,glioma,glioma
5,Training/glioma/Tr-gl_1138.png,glioma,glioma
5,Training/glioma/Tr-gl_114.png,glioma,glioma
5,Training/glioma/Tr-gl_1141.png,glioma,glioma
5,Training/glioma/Tr-gl_1153.png,glioma,meningioma
5,Training/glioma/Tr-gl_1159.png,glioma,glioma
5,Training/glioma/Tr-gl_1168.png,glioma,glioma
5,Training/glioma/Tr-gl_117.png,glioma,glioma
5,Training/glioma/Tr-gl_1175.png,glioma,pituitary
5,Training/glioma/Tr-gl_1176.png,glioma,meningioma
5,Training/glioma/Tr-gl_1178.png,glioma,glioma
5,Training/glioma/Tr-gl_1179.png,glioma,glioma
5,Training/glioma/Tr-gl_1186.png,glioma,glioma
5,Training/glioma/Tr-gl_1189.png,glioma,glioma
5,Training/glioma/Tr-gl_1190.png,glioma,glioma
5,Training/glioma/Tr-gl_1191.png,glioma,glioma
5,Training/glioma/Tr-gl_1196.png,glioma,glioma
5,Training/glioma/Tr-gl_1197.png,glioma,glioma
5,Training/glioma/Tr-gl_1200.png,glioma,glioma
5,Training/glioma/Tr-gl_1208.png,glioma,glioma
5,Training/glioma/Tr-gl_1213.png,glioma,glioma
5,Training/glioma/Tr-gl_1215.png,glioma,glioma
5,Training/glioma/Tr-gl_1220.png,glioma,glioma
5,Training/glioma/Tr-gl_1222.png,glioma,glioma
5,Training/glioma/Tr-gl_1232.png,glioma,glioma
5,Training/glioma/Tr-gl_1236.png,glioma,meningioma
5,Training/glioma/Tr-gl_1239.png,glioma,meningioma
5,Training/glioma/Tr-gl_1241.png,glioma,meningioma
5,Training/glioma/Tr-gl_1242.png,glioma,glioma
5,Training/glioma/Tr-gl_1250.png,glioma,glioma
5,Training/glioma/Tr-gl_1254.png,glioma,glioma
5,Training/glioma/Tr-gl_1258.png,glioma,glioma
5,Training/glioma/Tr-gl_1260.png,glioma,glioma
5,Training/glioma/Tr-gl_1261.png,glioma,meningioma
5,Training/glioma/Tr-gl_1266.png,glioma,meningioma
5,Training/glioma/Tr-gl_127.png,glioma,glioma
5,Training/glioma/Tr-gl_1275.png,glioma,glioma
5,Training/glioma/Tr-gl_1276.png,glioma,glioma
5,Training/glioma/Tr-gl_1278.png,glioma,glioma
5,Training/glioma/Tr-gl_1287.png,glioma,glioma
5,Training/glioma/Tr-gl_1288.png,glioma,glioma
5,Training/glioma/Tr-gl_1293.png,glioma,glioma
5,Training/glioma/Tr-gl_1294.png,glioma,glioma
5,Training/glioma/Tr-gl_1303.png,glioma,meningioma
5,Training/glioma/Tr-gl_1305.png,glioma,glioma
5,Training/glioma/Tr-gl_131.png,glioma,meningioma
5,Training/glioma/Tr-gl_1321.png,glioma,meningioma
5,Training/glioma/Tr-gl_1325.png,glioma,glioma
5,Training/glioma/Tr-gl_1327.png,glioma,glioma
5,Training/glioma/Tr-gl_1328.png,glioma,glioma
5,Training/glioma/Tr-gl_1331.png,glioma,glioma
5,Training/glioma/Tr-gl_1337.png,glioma,meningioma
5,Training/glioma/Tr-gl_1338.png,glioma,glioma
5,Training/glioma/Tr-gl_1340.png,glioma,glioma
5,Training/glioma/Tr-gl_1349.png,glioma,glioma
5,Training/glioma/Tr-gl_135.png,glioma,glioma
5,Training/glioma/Tr-gl_136.png,glioma,glioma
5,Training/glioma/Tr-gl_1362.png,glioma,glioma
5,Training/glioma/Tr-gl_1366.png,glioma,glioma
5,Training/glioma/Tr-gl_1373.png,glioma,glioma
5,Training/glioma/Tr-gl_1374.png,glioma,glioma
5,Training/glioma/Tr-gl_1376.png,glioma,glioma
5,Training/glioma/Tr-gl_1377.png,glioma,glioma
5,Training/glioma/Tr-gl_138.png,glioma,glioma
5,Training/glioma/Tr-gl_1384.png,glioma,glioma
5,Training/glioma/Tr-gl_1386.png,glioma,pituitary
5,Training/glioma/Tr-gl_1387.png,glioma,pituitary
5,Training/glioma/Tr-gl_1389.png,glioma,glioma
5,Training/glioma/Tr-gl_1393.png,glioma,glioma
5,Training/glioma/Tr-gl_141.png,glioma,glioma
5,Training/glioma/Tr-gl_151.png,glioma,glioma
5,Training/glioma/Tr-gl_152.png,glioma,glioma
5,Training/glioma/Tr-gl_155.png,glioma,glioma
5,Training/glioma/Tr-gl_157.png,glioma,glioma
5,Training/glioma/Tr-gl_159.png,glioma,glioma
5,Training/glioma/Tr-gl_166.png,glioma,glioma
5,Training/glioma/Tr-gl_172.png,glioma,glioma
5,Training/glioma/Tr-gl_173.png,glioma,meningioma
5,Training/glioma/Tr-gl_178.png,glioma,pituitary
5,Training/glioma/Tr-gl_184.png,glioma,glioma
5,Training/glioma/Tr-gl_188.png,glioma,meningioma
5,Training/glioma/Tr-gl_190.png,glioma,glioma
5,Training/glioma/Tr-gl_196.png,glioma,glioma
5,Training/glioma/Tr-gl_199.png,glioma,glioma
5,Training/glioma/Tr-gl_201.png,glioma,glioma
5,Training/glioma/Tr-gl_202.png,glioma,glioma
5,Training/glioma/Tr-gl_204.png,glioma,glioma
5,Training/glioma/Tr-gl_219.png,glioma,glioma
5,Training/glioma/Tr-gl_22.png,glioma,meningioma
5,Training/glioma/Tr-gl_221.png,glioma,glioma
5,Training/glioma/Tr-gl_222.png,glioma,glioma
5,Training/glioma/Tr-gl_231.png,glioma,glioma
5,Training/glioma/Tr-gl_247.png,glioma,glioma
5,Training/glioma/Tr-gl_250.png,glioma,pituitary
5,Training/glioma/Tr-gl_252.png,glioma,glioma
5,Training/glioma/Tr-gl_26.png,glioma,glioma
5,Training/glioma/Tr-gl_261.png,glioma,glioma
5,Training/glioma/Tr-gl_265.png,glioma,glioma
5,Training/glioma/Tr-gl_27.png,glioma,glioma
5,Training/glioma/Tr-gl_286.png,glioma,glioma
5,Training/glioma/Tr-gl_288.png,glioma,glioma
5,Training/glioma/Tr-gl_293.png,glioma,pituitary
5,Training/glioma/Tr-gl_294.png,glioma,glioma
5,Training/glioma/Tr-gl_295.png,glioma,glioma
5,Training/glioma/Tr-gl_318.png,glioma,meningioma
5,Training/glioma/Tr-gl_332.png,glioma,glioma
5,Training/glioma/Tr-gl_333.png,glioma,glioma
5,Training/glioma/Tr-gl_335.png,glioma,glioma
5,Training/glioma/Tr-gl_337.png,glioma,meningioma
5,Training/glioma/Tr-gl_338.png,glioma,glioma
5,Training/glioma/Tr-gl_340.png,glioma,glioma
5,Training/glioma/Tr-gl_344.png,glioma,glioma
5,Training/glioma/Tr-gl_347.png,glioma,meningioma
5,Training/glioma/Tr-gl_364.png,glioma,glioma
5,Training/glioma/Tr-gl_370.png,glioma,glioma
5,Training/glioma/Tr-gl_383.png,glioma,glioma
5,Training/glioma/Tr-gl_386.png,glioma,glioma
5,Training/glioma/Tr-gl_388.png,glioma,glioma
5,Training/glioma/Tr-gl_395.png,glioma,glioma
5,Training/glioma/Tr-gl_399.png,glioma,pituitary
5,Training/glioma/Tr-gl_401.png,glioma,glioma
5,Training/glioma/Tr-gl_405.png,glioma,glioma
5,Training/glioma/Tr-gl_407.png,glioma,glioma
5,Training/glioma/Tr-gl_410.png,glioma,glioma
5,Training/glioma/Tr-gl_412.png,glioma,glioma
5,Training/glioma/Tr-gl_418.png,glioma,meningioma
5,Training/glioma/Tr-gl_423.png,glioma,pituitary
5,Training/glioma/Tr-gl_43.png,glioma,glioma
5,Training/glioma/Tr-gl_436.png,glioma,glioma
5,Training/glioma/Tr-gl_437.png,glioma,glioma
5,Training/glioma/Tr-gl_440.png,glioma,meningioma
5,Training/glioma/Tr-gl_444.png,glioma,glioma
5,Training/glioma/Tr-gl_45.png,glioma,glioma
5,Training/glioma/Tr-gl_456.png,glioma,glioma
5,Training/glioma/Tr-gl_458.png,glioma,pituitary
5,Training/glioma/Tr-gl_460.png,glioma,pituitary
5,Training/glioma/Tr-gl_47.png,glioma,glioma
5,Training/glioma/Tr-gl_480.png,glioma,glioma
5,Training/glioma/Tr-gl_486.png,glioma,glioma
5,Training/glioma/Tr-gl_493.png,glioma,glioma
5,Training/glioma/Tr-gl_494.png,glioma,glioma
5,Training/glioma/Tr-gl_5.png,glioma,glioma
5,Training/glioma/Tr-gl_50.png,glioma,meningioma
5,Training/glioma/Tr-gl_502.png,glioma,glioma
5,Training/glioma/Tr-gl_513.png,glioma,glioma
5,Training/glioma/Tr-gl_52.png,glioma,glioma
5,Training/glioma/Tr-gl_520.png,glioma,glioma
5,Training/glioma/Tr-gl_521.png,glioma,glioma
5,Training/glioma/Tr-gl_525.png,glioma,glioma
5,Training/glioma/Tr-gl_528.png,glioma,glioma
5,Training/glioma/Tr-gl_531.png,glioma,glioma
5,Training/glioma/Tr-gl_535.png,glioma,glioma
5,Training/glioma/Tr-gl_544.png,glioma,glioma
5,Training/glioma/Tr-gl_545.png,glioma,glioma
5,Training/glioma/Tr-gl_550.png,glioma,glioma
5,Training/glioma/Tr-gl_552.png,glioma,glioma
5,Training/glioma/Tr-gl_555.png,glioma,glioma
5,Training/glioma/Tr-gl_56.png,glioma,glioma
5,Training/glioma/Tr-gl_562.png,glioma,glioma
5,Training/glioma/Tr-gl_565.png,glioma,glioma
5,Training/glioma/Tr-gl_576.png,glioma,glioma
5,Training/glioma/Tr-gl_581.png,glioma,glioma
5,Training/glioma/Tr-gl_586.png,glioma,glioma
5,Training/glioma/Tr-gl_592.png,glioma,glioma
5,Training/glioma/Tr-gl_596.png,glioma,glioma
5,Training/glioma/Tr-gl_6.png,glioma,pituitary
5,Training/glioma/Tr-gl_614.png,glioma,glioma
5,Training/glioma/Tr-gl_615.png,glioma,glioma
5,Training/glioma/Tr-gl_617.png,glioma,glioma
5,Training/glioma/Tr-gl_620.png,glioma,glioma
5,Training/glioma/Tr-gl_622.png,glioma,pituitary
5,Training/glioma/Tr-gl_629.png,glioma,glioma
5,Training/glioma/Tr-gl_634.png,glioma,glioma
5,Training/glioma/Tr-gl_635.png,glioma,glioma
5,Training/glioma/Tr-gl_648.png,glioma,glioma
5,Training/glioma/Tr-gl_649.png,glioma,glioma
5,Training/glioma/Tr-gl_650.png,glioma,glioma
5,Training/glioma/Tr-gl_657.png,glioma,glioma
5,Training/glioma/Tr-gl_659.png,glioma,glioma
5,Training/glioma/Tr-gl_66.png,glioma,glioma
5,Training/glioma/Tr-gl_665.png,glioma,meningioma
5,Training/glioma/Tr-gl_666.png,glioma,meningioma
5,Training/glioma/Tr-gl_67.png,glioma,glioma
5,Training/glioma/Tr-gl_675.png,glioma,glioma
5,Training/glioma/Tr-gl_689.png,glioma,glioma
5,Training/glioma/Tr-gl_696.png,glioma,pituitary
5,Training/glioma/Tr-gl_7.png,glioma,glioma
5,Training/glioma/Tr-gl_718.png,glioma,meningioma
5,Training/glioma/Tr-gl_731.png,glioma,glioma
5,Training/glioma/Tr-gl_736.png,glioma,glioma
5,Training/glioma/Tr-gl_739.png,glioma,glioma
5,Training/glioma/Tr-gl_743.png,glioma,pituitary
5,Training/glioma/Tr-gl_744.png,glioma,pituitary
5,Training/glioma/Tr-gl_745.png,glioma,glioma
5,Training/glioma/Tr-gl_753.png,glioma,glioma
5,Training/glioma/Tr-gl_755.png,glioma,glioma
5,Training/glioma/Tr-gl_757.png,glioma,glioma
5,Training/glioma/Tr-gl_762.png,glioma,glioma
5,Training/glioma/Tr-gl_768.png,glioma,glioma
5,Training/glioma/Tr-gl_769.png,glioma,glioma
5,Training/glioma/Tr-gl_770.png,glioma,glioma
5,Training/glioma/Tr-gl_772.png,glioma,glioma
5,Training/glioma/Tr-gl_773.png,glioma,glioma
5,Training/glioma/Tr-gl_774.png,glioma,glioma
5,Training/glioma/Tr-gl_779.png,glioma,glioma
5,Training/glioma/Tr-gl_782.png,glioma,glioma
5,Training/glioma/Tr-gl_784.png,glioma,glioma
5,Training/glioma/Tr-gl_785.png,glioma,glioma
5,Training/glioma/Tr-gl_788.png,glioma,glioma
5,Training/glioma/Tr-gl_789.png,glioma,glioma
5,Training/glioma/Tr-gl_792.png,glioma,glioma
5,Training/glioma/Tr-gl_794.png,glioma,glioma
5,Training/glioma/Tr-gl_795.png,glioma,glioma
5,Training/glioma/Tr-gl_800.png,glioma,glioma
5,Training/glioma/Tr-gl_802.png,glioma,glioma
5,Training/glioma/Tr-gl_805.png,glioma,pituitary
5,Training/glioma/Tr-gl_81.png,glioma,glioma
5,Training/glioma/Tr-gl_810.png,glioma,glioma
5,Training/glioma/Tr-gl_814.png,glioma,glioma
5,Training/glioma/Tr-gl_815.png,glioma,glioma
5,Training/glioma/Tr-gl_819.png,glioma,glioma
5,Training/glioma/Tr-gl_822.png,glioma,glioma
5,Training/glioma/Tr-gl_830.png,glioma,glioma
5,Training/glioma/Tr-gl_833.png,glioma,glioma
5,Training/glioma/Tr-gl_837.png,glioma,glioma
5,Training/glioma/Tr-gl_838.png,glioma,glioma
5,Training/glioma/Tr-gl_839.png,glioma,glioma
5,Training/glioma/Tr-gl_846.png,glioma,glioma
5,Training/glioma/Tr-gl_848.png,glioma,glioma
5,Training/glioma/Tr-gl_849.png,glioma,meningioma
5,Training/glioma/Tr-gl_850.png,glioma,glioma
5,Training/glioma/Tr-gl_852.png,glioma,glioma
5,Training/glioma/Tr-gl_859.png,glioma,glioma
5,Training/glioma/Tr-gl_86.png,glioma,pituitary
5,Training/glioma/Tr-gl_867.png,glioma,glioma
5,Training/glioma/Tr-gl_870.png,glioma,pituitary
5,Training/glioma/Tr-gl_872.png,glioma,glioma
5,Training/glioma/Tr-gl_877.png,glioma,glioma
5,Training/glioma/Tr-gl_887.png,glioma,glioma
5,Training/glioma/Tr-gl_888.png,glioma,glioma
5,Training/glioma/Tr-gl_910.png,glioma,meningioma
5,Training/glioma/Tr-gl_913.png,glioma,glioma
5,Training/glioma/Tr-gl_917.png,glioma,glioma
5,Training/glioma/Tr-gl_93.png,glioma,glioma
5,Training/glioma/Tr-gl_931.png,glioma,meningioma
5,Training/glioma/Tr-gl_94.png,glioma,glioma
5,Training/glioma/Tr-gl_948.png,glioma,glioma
5,Training/glioma/Tr-gl_957.png,glioma,glioma
5,Training/glioma/Tr-gl_961.png,glioma,glioma
5,Training/glioma/Tr-gl_963.png,glioma,glioma
5,Training/glioma/Tr-gl_965.png,glioma,glioma
5,Training/glioma/Tr-gl_977.png,glioma,glioma
5,Training/glioma/Tr-gl_979.png,glioma,glioma
5,Training/glioma/Tr-gl_981.png,glioma,glioma
5,Training/glioma/Tr-gl_986.png,glioma,glioma
5,Training/glioma/Tr-gl_989.png,glioma,glioma
5,Training/glioma/Tr-gl_991.png,glioma,glioma
5,Training/glioma/Tr-gl_996.png,glioma,glioma
5,Training/glioma/Tr-gl_997.png,glioma,glioma
5,Training/glioma/Tr-gl_999.png,glioma,meningioma
5,Training/meningioma/Tr-aug-me_10.png,meningioma,pituitary
5,Training/meningioma/Tr-aug-me_11.png,meningioma,pituitary
5,Training/meningioma/Tr-aug-me_2.png,meningioma,meningioma
5,Training/meningioma/Tr-aug-me_25.png,meningioma,pituitary
5,Training/meningioma/Tr-aug-me_31.png,meningioma,meningioma
5,Training/meningioma/Tr-aug-me_34.png,meningioma,glioma
5,Training/meningioma/Tr-aug-me_38.png,meningioma,meningioma
5,Training/meningioma/Tr-aug-me_41.png,meningioma,meningioma
5,Training/meningioma/Tr-aug-me_42.png,meningioma,glioma
5,Training/meningioma/Tr-aug-me_49.png,meningioma,meningioma
5,Training/meningioma/Tr-aug-me_61.png,meningioma,pituitary
5,Training/meningioma/Tr-aug-me_69.png,meningioma,meningioma
5,Training/meningioma/Tr-aug-me_82.png,meningioma,meningioma
5,Training/meningioma/Tr-aug-me_89.png,meningioma,meningioma
5,Training/meningioma/Tr-aug-me_9.png,meningioma,meningioma
5,Training/meningioma/Tr-aug-me_92.png,meningioma,meningioma
5,Training/meningioma/Tr-aug-me_96.png,meningioma,glioma
5,Training/meningioma/Tr-aug-me_99.png,meningioma,meningioma
5,Training/meningioma/Tr-me_1005.png,meningioma,glioma
5,Training/meningioma/Tr-me_1006.png,meningioma,meningioma
5,Training/meningioma/Tr-me_1007.png,meningioma,meningioma
5,Training/meningioma/Tr-me_1008.png,meningioma,meningioma
5,Training/meningioma/Tr-me_1027.png,meningioma,meningioma
5,Training/meningioma/Tr-me_1046.png,meningioma,pituitary
5,Training/meningioma/Tr-me_1049.png,meningioma,meningioma
5,Training/meningioma/Tr-me_1055.png,meningioma,glioma
5,Training/meningioma/Tr-me_1058.png,meningioma,meningioma
5,Training/meningioma/Tr-me_1065.png,meningioma,meningioma
5,Training/meningioma/Tr-me_1066.png,meningioma,meningioma
5,Training/meningioma/Tr-me_1067.png,meningioma,meningioma
5,Training/meningioma/Tr-me_1072.png,meningioma,glioma
5,Training/meningioma/Tr-me_1076.png,meningioma,meningioma
5,Training/meningioma/Tr-me_1078.png,meningioma,meningioma
5,Training/meningioma/Tr-me_1082.png,meningioma,glioma
5,Training/meningioma/Tr-me_1083.png,meningioma,glioma
5,Training/meningioma/Tr-me_1095.png,meningioma,pituitary
5,Training/meningioma/Tr-me_110.png,meningioma,meningioma
5,Training/meningioma/Tr-me_1107.png,meningioma,meningioma
5,Training/meningioma/Tr-me_1109.png,meningioma,pituitary
5,Training/meningioma/Tr-me_1111.png,meningioma,meningioma
5,Training/meningioma/Tr-me_1114.png,meningioma,meningioma
5,Training/meningioma/Tr-me_1116.png,meningioma,meningioma
5,Training/meningioma/Tr-me_1119.png,meningioma,pituitary
5,Training/meningioma/Tr-me_1120.png,meningioma,meningioma
5,Training/meningioma/Tr-me_1125.png,meningioma,notumor
5,Training/meningioma/Tr-me_113.png,meningioma,meningioma
5,Training/meningioma/Tr-me_1136.png,meningioma,meningioma
5,Training/meningioma/Tr-me_1145.png,meningioma,pituitary
5,Training/meningioma/Tr-me_1150.png,meningioma,meningioma
5,Training/meningioma/Tr-me_1151.png,meningioma,meningioma
5,Training/meningioma/Tr-me_1154.png,meningioma,meningioma
5,Training/meningioma/Tr-me_1155.png,meningioma,meningioma
5,Training/meningioma/Tr-me_1157.png,meningioma,meningioma
5,Training/meningioma/Tr-me_116.png,meningioma,pituitary
5,Training/meningioma/Tr-me_1166.png,meningioma,notumor
5,Training/meningioma/Tr-me_1173.png,meningioma,meningioma
5,Training/meningioma/Tr-me_1175.png,meningioma,meningioma
5,Training/meningioma/Tr-me_1179.png,meningioma,meningioma
5,Training/meningioma/Tr-me_118.png,meningioma,meningioma
5,Training/meningioma/Tr-me_1181.png,meningioma,glioma
5,Training/meningioma/Tr-me_1183.png,meningioma,meningioma
5,Training/meningioma/Tr-me_1187.png,meningioma,meningioma
5,Training/meningioma/Tr-me_1188.png,meningioma,meningioma
5,Training/meningioma/Tr-me_1190.png,meningioma,meningioma
5,Training/meningioma/Tr-me_1193.png,meningioma,meningioma
5,Training/meningioma/Tr-me_1200.png,meningioma,meningioma
5,Training/meningioma/Tr-me_1202.png,meningioma,meningioma
5,Training/meningioma/Tr-me_1209.png,meningioma,meningioma
5,Training/meningioma/Tr-me_1212.png,meningioma,meningioma
5,Training/meningioma/Tr-me_1217.png,meningioma,meningioma
5,Training/meningioma/Tr-me_1234.png,meningioma,glioma
5,Training/meningioma/Tr-me_1235.png,meningioma,pituitary
5,Training/meningioma/Tr-me_1236.png,meningioma,meningioma
5,Training/meningioma/Tr-me_1249.png,meningioma,notumor
5,Training/meningioma/Tr-me_1255.png,meningioma,glioma
5,Training/meningioma/Tr-me_126.png,meningioma,meningioma
5,Training/meningioma/Tr-me_1262.png,meningioma,notumor
5,Training/meningioma/Tr-me_1263.png,meningioma,meningioma
5,Training/meningioma/Tr-me_1264.png,meningioma,meningioma
5,Training/meningioma/Tr-me_1268.png,meningioma,meningioma
5,Training/meningioma/Tr-me_1273.png,meningioma,meningioma
5,Training/meningioma/Tr-me_1274.png,meningioma,meningioma
5,Training/meningioma/Tr-me_1276.png,meningioma,meningioma
5,Training/meningioma/Tr-me_1279.png,meningioma,meningioma
5,Training/meningioma/Tr-me_1281.png,meningioma,meningioma
5,Training/meningioma/Tr-me_1285.png,meningioma,meningioma
5,Training/meningioma/Tr-me_1286.png,meningioma,meningioma
5,Training/meningioma/Tr-me_129.png,meningioma,meningioma
5,Training/meningioma/Tr-me_1294.png,meningioma,meningioma
5,Training/meningioma/Tr-me_1298.png,meningioma,meningioma
5,Training/meningioma/Tr-me_135.png,meningioma,glioma
5,Training/meningioma/Tr-me_136.png,meningioma,meningioma
5,Training/meningioma/Tr-me_139.png,meningioma,meningioma
5,Training/meningioma/Tr-me_140.png,meningioma,glioma
5,Training/meningioma/Tr-me_142.png,meningioma,glioma
5,Training/meningioma/Tr-me_143.png,meningioma,meningioma
5,Training/meningioma/Tr-me_15.png,meningioma,meningioma
5,Training/meningioma/Tr-me_156.png,meningioma,meningioma
5,Training/meningioma/Tr-me_158.png,meningioma,pituitary
5,Training/meningioma/Tr-me_160.png,meningioma,meningioma
5,Training/meningioma/Tr-me_164.png,meningioma,meningioma
5,Training/meningioma/Tr-me_171.png,meningioma,meningioma
5,Training/meningioma/Tr-me_172.png,meningioma,meningioma
5,Training/meningioma/Tr-me_178.png,meningioma,meningioma
5,Training/meningioma/Tr-me_187.png,meningioma,meningioma
5,Training/meningioma/Tr-me_199.png,meningioma,meningioma
5,Training/meningioma/Tr-me_206.png,meningioma,pituitary
5,Training/meningioma/Tr-me_21.png,meningioma,meningioma
5,Training/meningioma/Tr-me_210.png,meningioma,meningioma
5,Training/meningioma/Tr-me_212.png,meningioma,pituitary
5,Training/meningioma/Tr-me_216.png,meningioma,meningioma
5,Training/meningioma/Tr-me_218.png,meningioma,meningioma
5,Training/meningioma/Tr-me_22.png,meningioma,pituitary
5,Training/meningioma/Tr-me_225.png,meningioma,meningioma
5,Training/meningioma/Tr-me_229.png,meningioma,meningioma
5,Training/meningioma/Tr-me_235.png,meningioma,pituitary
5,Training/meningioma/Tr-me_266.png,meningioma,meningioma
5,Training/meningioma/Tr-me_267.png,meningioma,meningioma
5,Training/meningioma/Tr-me_277.png,meningioma,meningioma
5,Training/meningioma/Tr-me_296.png,meningioma,meningioma
5,Training/meningioma/Tr-me_304.png,meningioma,glioma
5,Training/meningioma/Tr-me_307.png,meningioma,pituitary
5,Training/meningioma/Tr-me_314.png,meningioma,meningioma
5,Training/meningioma/Tr-me_329.png,meningioma,meningioma
5,Training/meningioma/Tr-me_330.png,meningioma,meningioma
5,Training/meningioma/Tr-me_349.png,meningioma,meningioma
5,Training/meningioma/Tr-me_35.png,meningioma,meningioma
5,Training/meningioma/Tr-me_350.png,meningioma,meningioma
5,Training/meningioma/Tr-me_352.png,meningioma,glioma
5,Training/meningioma/Tr-me_357.png,meningioma,meningioma
5,Training/meningioma/Tr-me_358.png,meningioma,meningioma
5,Training/meningioma/Tr-me_360.png,meningioma,meningioma
5,Training/meningioma/Tr-me_364.png,meningioma,pituitary
5,Training/meningioma/Tr-me_365.png,meningioma,meningioma
5,Training/meningioma/Tr-me_372.png,meningioma,meningioma
5,Training/meningioma/Tr-me_377.png,meningioma,meningioma
5,Training/meningioma/Tr-me_380.png,meningioma,meningioma
5,Training/meningioma/Tr-me_382.png,meningioma,meningioma
5,Training/meningioma/Tr-me_39.png,meningioma,meningioma
5,Training/meningioma/Tr-me_390.png,meningioma,meningioma
5,Training/meningioma/Tr-me_397.png,meningioma,meningioma
5,Training/meningioma/Tr-me_401.png,meningioma,meningioma
5,Training/meningioma/Tr-me_410.png,meningioma,meningioma
5,Training/meningioma/Tr-me_422.png,meningioma,meningioma
5,Training/meningioma/Tr-me_43.png,meningioma,glioma
5,Training/meningioma/Tr-me_431.png,meningioma,meningioma
5,Training/meningioma/Tr-me_436.png,meningioma,meningioma
5,Training/meningioma/Tr-me_450.png,meningioma,meningioma
5,Training/meningioma/Tr-me_452.png,meningioma,meningioma
5,Training/meningioma/Tr-me_455.png,meningioma,meningioma
5,Training/meningioma/Tr-me_472.png,meningioma,meningioma
5,Training/meningioma/Tr-me_476.png,meningioma,meningioma
5,Training/meningioma/Tr-me_478.png,meningioma,meningioma
5,Training/meningioma/Tr-me_480.png,meningioma,meningioma
5,Training/meningioma/Tr-me_485.png,meningioma,meningioma
5,Training/meningioma/Tr-me_488.png,meningioma,meningioma
5,Training/meningioma/Tr-me_49.png,meningioma,meningioma
5,Training/meningioma/Tr-me_491.png,meningioma,glioma
5,Training/meningioma/Tr-me_493.png,meningioma,pituitary
5,Training/meningioma/Tr-me_498.png,meningioma,pituitary
5,Training/meningioma/Tr-me_5.png,meningioma,meningioma
5,Training/meningioma/Tr-me_506.png,meningioma,glioma
5,Training/meningioma/Tr-me_508.png,meningioma,meningioma
5,Training/meningioma/Tr-me_51.png,meningioma,meningioma
5,Training/meningioma/Tr-me_514.png,meningioma,pituitary
5,Training/meningioma/Tr-me_519.png,meningioma,meningioma
5,Training/meningioma/Tr-me_520.png,meningioma,meningioma
5,Training/meningioma/Tr-me_522.png,meningioma,meningioma
5,Training/meningioma/Tr-me_527.png,meningioma,meningioma
5,Training/meningioma/Tr-me_535.png,meningioma,meningioma
5,Training/meningioma/Tr-me_537.png,meningioma,meningioma
5,Training/meningioma/Tr-me_55.png,meningioma,meningioma
5,Training/meningioma/Tr-me_552.png,meningioma,meningioma
5,Training/meningioma/Tr-me_557.png,meningioma,meningioma
5,Training/meningioma/Tr-me_559.png,meningioma,meningioma
5,Training/meningioma/Tr-me_56.png,meningioma,meningioma
5,Training/meningioma/Tr-me_562.png,meningioma,meningioma
5,Training/meningioma/Tr-me_572.png,meningioma,meningioma
5,Training/meningioma/Tr-me_58.png,meningioma,meningioma
5,Training/meningioma/Tr-me_592.png,meningioma,glioma
5,Training/meningioma/Tr-me_597.png,meningioma,notumor
5,Training/meningioma/Tr-me_602.png,meningioma,meningioma
5,Training/meningioma/Tr-me_613.png,meningioma,meningioma
5,Training/meningioma/Tr-me_615.png,meningioma,meningioma
5,Training/meningioma/Tr-me_619.png,meningioma,meningioma
5,Training/meningioma/Tr-me_62.png,meningioma,meningioma
5,Training/meningioma/Tr-me_632.png,meningioma,meningioma
5,Training/meningioma/Tr-me_633.png,meningioma,meningioma
5,Training/meningioma/Tr-me_638.png,meningioma,meningioma
5,Training/meningioma/Tr-me_640.png,meningioma,meningioma
5,Training/meningioma/Tr-me_641.png,meningioma,glioma
5,Training/meningioma/Tr-me_642.png,meningioma,meningioma
5,Training/meningioma/Tr-me_644.png,meningioma,pituitary
5,Training/meningioma/Tr-me_646.png,meningioma,meningioma
5,Training/meningioma/Tr-me_654.png,meningioma,meningioma
5,Training/meningioma/Tr-me_659.png,meningioma,pituitary
5,Training/meningioma/Tr-me_664.png,meningioma,meningioma
5,Training/meningioma/Tr-me_666.png,meningioma,notumor
5,Training/meningioma/Tr-me_668.png,meningioma,meningioma
5,Training/meningioma/Tr-me_670.png,meningioma,meningioma
5,Training/meningioma/Tr-me_672.png,meningioma,meningioma
5,Training/meningioma/Tr-me_675.png,meningioma,meningioma
5,Training/meningioma/Tr-me_682.png,meningioma,meningioma
5,Training/meningioma/Tr-me_691.png,meningioma,meningioma
5,Training/meningioma/Tr-me_698.png,meningioma,meningioma
5,Training/meningioma/Tr-me_700.png,meningioma,pituitary
5,Training/meningioma/Tr-me_709.png,meningioma,meningioma
5,Training/meningioma/Tr-me_710.png,meningioma,meningioma
5,Training/meningioma/Tr-me_711.png,meningioma,meningioma
5,Training/meningioma/Tr-me_712.png,meningioma,meningioma
5,Training/meningioma/Tr-me_714.png,meningioma,meningioma
5,Training/meningioma/Tr-me_716.png,meningioma,meningioma
5,Training/meningioma/Tr-me_720.png,meningioma,pituitary
5,Training/meningioma/Tr-me_723.png,meningioma,meningioma
5,Training/meningioma/Tr-me_725.png,meningioma,meningioma
5,Training/meningioma/Tr-me_730.png,meningioma,glioma
5,Training/meningioma/Tr-me_732.png,meningioma,meningioma
5,Training/meningioma/Tr-me_733.png,meningioma,meningioma
5,Training/meningioma/Tr-me_74.png,meningioma,meningioma
5,Training/meningioma/Tr-me_742.png,meningioma,meningioma
5,Training/meningioma/Tr-me_745.png,meningioma,meningioma
5,Training/meningioma/Tr-me_751.png,meningioma,meningioma
5,Training/meningioma/Tr-me_767.png,meningioma,meningioma
5,Training/meningioma/Tr-me_771.png,meningioma,meningioma
5,Training/meningioma/Tr-me_776.png,meningioma,meningioma
5,Training/meningioma/Tr-me_79.png,meningioma,meningioma
5,Training/meningioma/Tr-me_794.png,meningioma,meningioma
5,Training/meningioma/Tr-me_795.png,meningioma,glioma
5,Training/meningioma/Tr-me_8.png,meningioma,meningioma
5,Training/meningioma/Tr-me_806.png,meningioma,meningioma
5,Training/meningioma/Tr-me_808.png,meningioma,meningioma
5,Training/meningioma/Tr-me_815.png,meningioma,meningioma
5,Training/meningioma/Tr-me_826.png,meningioma,meningioma
5,Training/meningioma/Tr-me_829.png,meningioma,meningioma
5,Training/meningioma/Tr-me_838.png,meningioma,meningioma
5,Training/meningioma/Tr-me_840.png,meningioma,meningioma
5,Training/meningioma/Tr-me_845.png,meningioma,notumor
5,Training/meningioma/Tr-me_851.png,meningioma,meningioma
5,Training/meningioma/Tr-me_855.png,meningioma,meningioma
5,Training/meningioma/Tr-me_859.png,meningioma,meningioma
5,Training/meningioma/Tr-me_860.png,meningioma,pituitary
5,Training/meningioma/Tr-me_867.png,meningioma,notumor
5,Training/meningioma/Tr-me_873.png,meningioma,meningioma
5,Training/meningioma/Tr-me_876.png,meningioma,meningioma
5,Training/meningioma/Tr-me_880.png,meningioma,notumor
5,Training/meningioma/Tr-me_882.png,meningioma,glioma
5,Training/meningioma/Tr-me_883.png,meningioma,meningioma
5,Training/meningioma/Tr-me_884.png,meningioma,meningioma
5,Training/meningioma/Tr-me_885.png,meningioma,meningioma
5,Training/meningioma/Tr-me_889.png,meningioma,meningioma
5,Training/meningioma/Tr-me_891.png,meningioma,meningioma
5,Training/meningioma/Tr-me_893.png,meningioma,meningioma
5,Training/meningioma/Tr-me_899.png,meningioma,glioma
5,Training/meningioma/Tr-me_9.png,meningioma,meningioma
5,Training/meningioma/Tr-me_902.png,meningioma,meningioma
5,Training/meningioma/Tr-me_904.png,meningioma,meningioma
5,Training/meningioma/Tr-me_906.png,meningioma,meningioma
5,Training/meningioma/Tr-me_910.png,meningioma,meningioma
5,Training/meningioma/Tr-me_911.png,meningioma,glioma
5,Training/meningioma/Tr-me_915.png,meningioma,meningioma
5,Training/meningioma/Tr-me_92.png,meningioma,meningioma
5,Training/meningioma/Tr-me_922.png,meningioma,meningioma
5,Training/meningioma/Tr-me_924.png,meningioma,meningioma
5,Training/meningioma/Tr-me_93.png,meningioma,meningioma
5,Training/meningioma/Tr-me_94.png,meningioma,meningioma
5,Training/meningioma/Tr-me_940.png,meningioma,meningioma
5,Training/meningioma/Tr-me_941.png,meningioma,glioma
5,Training/meningioma/Tr-me_943.png,meningioma,meningioma
5,Training/meningioma/Tr-me_946.png,meningioma,notumor
5,Training/meningioma/Tr-me_95.png,meningioma,meningioma
5,Training/meningioma/Tr-me_950.png,meningioma,meningioma
5,Training/meningioma/Tr-me_956.png,meningioma,meningioma
5,Training/meningioma/Tr-me_967.png,meningioma,meningioma
5,Training/meningioma/Tr-me_971.png,meningioma,meningioma
5,Training/meningioma/Tr-me_975.png,meningioma,glioma
5,Training/meningioma/Tr-me_985.png,meningioma,meningioma
5,Training/meningioma/Tr-me_986.png,meningioma,meningioma
5,Training/meningioma/Tr-me_990.png,meningioma,meningioma
5,Training/meningioma/Tr-me_994.png,meningioma,meningioma
5,Training/meningioma/Tr-me_997.png,meningioma,meningioma
5,Training/notumor/Tr-no_10.png,notumor,notumor
5,Training/notumor/Tr-no_1001.png,notumor,notumor
5,Training/notumor/Tr-no_1011.png,notumor,notumor
5,Training/notumor/Tr-no_1015.png,notumor,notumor
5,Training/notumor/Tr-no_1020.png,notumor,meningioma
5,Training/notumor/Tr-no_1033.png,notumor,notumor
5,Training/notumor/Tr-no_1034.png,notumor,notumor
5,Training/notumor/Tr-no_1037.png,notumor,notumor
5,Training/notumor/Tr-no_1039.png,notumor,notumor
5,Training/notumor/Tr-no_1040.png,notumor,notumor
5,Training/notumor/Tr-no_1041.png,notumor,notumor
5,Training/notumor/Tr-no_1042.png,notumor,pituitary
5,Training/notumor/Tr-no_1045.png,notumor,notumor
5,Training/notumor/Tr-no_1046.png,notumor,notumor
5,Training/notumor/Tr-no_1053.png,notumor,notumor
5,Training/notumor/Tr-no_106.png,notumor,notumor
5,Training/notumor/Tr-no_1073.png,notumor,meningioma
5,Training/notumor/Tr-no_1075.png,notumor,notumor
5,Training/notumor/Tr-no_1076.png,notumor,notumor
5,Training/notumor/Tr-no_1089.png,notumor,notumor
5,Training/notumor/Tr-no_1094.png,notumor,notumor
5,Training/notumor/Tr-no_1099.png,notumor,notumor
5,Training/notumor/Tr-no_11.png,notumor,notumor
5,Training/notumor/Tr-no_110.png,notumor,notumor
5,Training/notumor/Tr-no_1100.png,notumor,notumor
5,Training/notumor/Tr-no_1101.png,notumor,pituitary
5,Training/notumor/Tr-no_1104.png,notumor,notumor
5,Training/notumor/Tr-no_1109.png,notumor,notumor
5,Training/notumor/Tr-no_111.png,notumor,notumor
5,Training/notumor/Tr-no_1110.png,notumor,notumor
5,Training/notumor/Tr-no_1113.png,notumor,notumor
5,Training/notumor/Tr-no_1127.png,notumor,notumor
5,Training/notumor/Tr-no_113.png,notumor,notumor
5,Training/notumor/Tr-no_1132.png,notumor,notumor
5,Training/notumor/Tr-no_1137.png,notumor,notumor
5,Training/notumor/Tr-no_1143.png,notumor,notumor
5,Training/notumor/Tr-no_1151.png,notumor,notumor
5,Training/notumor/Tr-no_117.png,notumor,notumor
5,Training/notumor/Tr-no_1172.png,notumor,meningioma
5,Training/notumor/Tr-no_1180.png,notumor,notumor
5,Training/notumor/Tr-no_1188.png,notumor,notumor
5,Training/notumor/Tr-no_1196.png,notumor,notumor
5,Training/notumor/Tr-no_1202.png,notumor,notumor
5,Training/notumor/Tr-no_1216.png,notumor,notumor
5,Training/notumor/Tr-no_1228.png,notumor,notumor
5,Training/notumor/Tr-no_1230.png,notumor,notumor
5,Training/notumor/Tr-no_1236.png,notumor,notumor
5,Training/notumor/Tr-no_1247.png,notumor,notumor
5,Training/notumor/Tr-no_1251.png,notumor,notumor
5,Training/notumor/Tr-no_1253.png,notumor,notumor
5,Training/notumor/Tr-no_1254.png,notumor,notumor
5,Training/notumor/Tr-no_1255.png,notumor,notumor
5,Training/notumor/Tr-no_1258.png,notumor,notumor
5,Training/notumor/Tr-no_1263.png,notumor,notumor
5,Training/notumor/Tr-no_1268.png,notumor,notumor
5,Training/notumor/Tr-no_1269.png,notumor,notumor
5,Training/notumor/Tr-no_1271.png,notumor,notumor
5,Training/notumor/Tr-no_1275.png,notumor,notumor
5,Training/notumor/Tr-no_1277.png,notumor,notumor
5,Training/notumor/Tr-no_1282.png,notumor,notumor
5,Training/notumor/Tr-no_1286.png,notumor,notumor
5,Training/notumor/Tr-no_1288.png,notumor,notumor
5,Training/notumor/Tr-no_1290.png,notumor,notumor
5,Training/notumor/Tr-no_1294.png,notumor,notumor
5,Training/notumor/Tr-no_1298.png,notumor,notumor
5,Training/notumor/Tr-no_130.png,notumor,notumor
5,Training/notumor/Tr-no_1301.png,notumor,notumor
5,Training/notumor/Tr-no_1303.png,notumor,notumor
5,Training/notumor/Tr-no_1304.png,notumor,notumor
5,Training/notumor/Tr-no_1306.png,notumor,notumor
5,Training/notumor/Tr-no_1309.png,notumor,notumor
5,Training/notumor/Tr-no_1313.png,notumor,notumor
5,Training/notumor/Tr-no_1315.png,notumor,notumor
5,Training/notumor/Tr-no_133.png,notumor,notumor
5,Training/notumor/Tr-no_1332.png,notumor,notumor
5,Training/notumor/Tr-no_1333.png,notumor,notumor
5,Training/notumor/Tr-no_1341.png,notumor,notumor
5,Training/notumor/Tr-no_1352.png,notumor,meningioma
5,Training/notumor/Tr-no_1365.png,notumor,notumor
5,Training/notumor/Tr-no_1366.png,notumor,notumor
5,Training/notumor/Tr-no_1368.png,notumor,notumor
5,Training/notumor/Tr-no_1373.png,notumor,notumor
5,Training/notumor/Tr-no_1376.png,notumor,notumor
5,Training/notumor/Tr-no_1378.png,notumor,notumor
5,Training/notumor/Tr-no_1381.png,notumor,notumor
5,Training/notumor/Tr-no_1383.png,notumor,notumor
5,Training/notumor/Tr-no_139.png,notumor,notumor
5,Training/notumor/Tr-no_1390.png,notumor,notumor
5,Training/notumor/Tr-no_1396.png,notumor,notumor
5,Training/notumor/Tr-no_1399.png,notumor,notumor
5,Training/notumor/Tr-no_14.png,notumor,notumor
5,Training/notumor/Tr-no_141.png,notumor,notumor
5,Training/notumor/Tr-no_145.png,notumor,notumor
5,Training/notumor/Tr-no_153.png,notumor,notumor
5,Training/notumor/Tr-no_160.png,notumor,notumor
5,Training/notumor/Tr-no_162.png,notumor,notumor
5,Training/notumor/Tr-no_174.png,notumor,notumor
5,Training/notumor/Tr-no_189.png,notumor,notumor
5,Training/notumor/Tr-no_19.png,notumor,notumor
5,Training/notumor/Tr-no_193.png,notumor,notumor
5,Training/notumor/Tr-no_195.png,notumor,notumor
5,Training/notumor/Tr-no_20.png,notumor,notumor
5,Training/notumor/Tr-no_206.png,notumor,notumor
5,Training/notumor/Tr-no_214.png,notumor,notumor
5,Training/notumor/Tr-no_218.png,notumor,notumor
5,Training/notumor/Tr-no_219.png,notumor,notumor
5,Training/notumor/Tr-no_227.png,notumor,notumor
5,Training/notumor/Tr-no_229.png,notumor,notumor
5,Training/notumor/Tr-no_236.png,notumor,notumor
5,Training/notumor/Tr-no_239.png,notumor,notumor
5,Training/notumor/Tr-no_240.png,notumor,notumor
5,Training/notumor/Tr-no_244.png,notumor,notumor
5,Training/notumor/Tr-no_251.png,notumor,notumor
5,Training/notumor/Tr-no_252.png,notumor,notumor
5,Training/notumor/Tr-no_254.png,notumor,notumor
5,Training/notumor/Tr-no_257.png,notumor,pituitary
5,Training/notumor/Tr-no_258.png,notumor,meningioma
5,Training/notumor/Tr-no_259.png,notumor,notumor
5,Training/notumor/Tr-no_262.png,notumor,notumor
5,Training/notumor/Tr-no_268.png,notumor,notumor
5,Training/notumor/Tr-no_270.png,notumor,notumor
5,Training/notumor/Tr-no_275.png,notumor,notumor
5,Training/notumor/Tr-no_288.png,notumor,notumor
5,Training/notumor/Tr-no_289.png,notumor,notumor
5,Training/notumor/Tr-no_290.png,notumor,notumor
5,Training/notumor/Tr-no_294.png,notumor,notumor
5,Training/notumor/Tr-no_30.png,notumor,notumor
5,Training/notumor/Tr-no_304.png,notumor,notumor
5,Training/notumor/Tr-no_313.png,notumor,notumor
5,Training/notumor/Tr-no_321.png,notumor,notumor
5,Training/notumor/Tr-no_326.png,notumor,notumor
5,Training/notumor/Tr-no_330.png,notumor,notumor
5,Training/notumor/Tr-no_336.png,notumor,notumor
5,Training/notumor/Tr-no_339.png,notumor,notumor
5,Training/notumor/Tr-no_356.png,notumor,notumor
5,Training/notumor/Tr-no_359.png,notumor,notumor
5,Training/notumor/Tr-no_360.png,notumor,notumor
5,Training/notumor/Tr-no_363.png,notumor,notumor
5,Training/notumor/Tr-no_37.png,notumor,notumor
5,Training/notumor/Tr-no_373.png,notumor,notumor
5,Training/notumor/Tr-no_375.png,notumor,notumor
5,Training/notumor/Tr-no_379.png,notumor,notumor
5,Training/notumor/Tr-no_39.png,notumor,notumor
5,Training/notumor/Tr-no_392.png,notumor,notumor
5,Training/notumor/Tr-no_402.png,notumor,notumor
5,Training/notumor/Tr-no_405.png,notumor,notumor
5,Training/notumor/Tr-no_408.png,notumor,notumor
5,Training/notumor/Tr-no_413.png,notumor,notumor
5,Training/notumor/Tr-no_420.png,notumor,notumor
5,Training/notumor/Tr-no_425.png,notumor,notumor
5,Training/notumor/Tr-no_426.png,notumor,notumor
5,Training/notumor/Tr-no_433.png,notumor,notumor
5,Training/notumor/Tr-no_44.png,notumor,notumor
5,Training/notumor/Tr-no_443.png,notumor,notumor
5,Training/notumor/Tr-no_444.png,notumor,notumor
5,Training/notumor/Tr-no_447.png,notumor,notumor
5,Training/notumor/Tr-no_454.png,notumor,notumor
5,Training/notumor/Tr-no_456.png,notumor,notumor
5,Training/notumor/Tr-no_458.png,notumor,notumor
5,Training/notumor/Tr-no_460.png,notumor,notumor
5,Training/notumor/Tr-no_461.png,notumor,notumor
5,Training/notumor/Tr-no_468.png,notumor,notumor
5,Training/notumor/Tr-no_475.png,notumor,notumor
5,Training/notumor/Tr-no_488.png,notumor,notumor
5,Training/notumor/Tr-no_492.png,notumor,notumor
5,Training/notumor/Tr-no_496.png,notumor,meningioma
5,Training/notumor/Tr-no_502.png,notumor,notumor
5,Training/notumor/Tr-no_506.png,notumor,pituitary
5,Training/notumor/Tr-no_507.png,notumor,notumor
5,Training/notumor/Tr-no_512.png,notumor,notumor
5,Training/notumor/Tr-no_52.png,notumor,notumor
5,Training/notumor/Tr-no_524.png,notumor,notumor
5,Training/notumor/Tr-no_525.png,notumor,notumor
5,Training/notumor/Tr-no_531.png,notumor,notumor
5,Training/notumor/Tr-no_535.png,notumor,notumor
5,Training/notumor/Tr-no_538.png,notumor,notumor
5,Training/notumor/Tr-no_544.png,notumor,notumor
5,Training/notumor/Tr-no_547.png,notumor,notumor
5,Training/notumor/Tr-no_549.png,notumor,notumor
5,Training/notumor/Tr-no_556.png,notumor,notumor
5,Training/notumor/Tr-no_56.png,notumor,notumor
5,Training/notumor/Tr-no_563.png,notumor,notumor
5,Training/notumor/Tr-no_57.png,notumor,notumor
5,Training/notumor/Tr-no_573.png,notumor,notumor
5,Training/notumor/Tr-no_575.png,notumor,notumor
5,Training/notumor/Tr-no_576.png,notumor,notumor
5,Training/notumor/Tr-no_579.png,notumor,notumor
5,Training/notumor/Tr-no_582.png,notumor,notumor
5,Training/notumor/Tr-no_586.png,notumor,notumor
5,Training/notumor/Tr-no_590.png,notumor,notumor
5,Training/notumor/Tr-no_597.png,notumor,notumor
5,Training/notumor/Tr-no_6.png,notumor,notumor
5,Training/notumor/Tr-no_605.png,notumor,notumor
5,Training/notumor/Tr-no_608.png,notumor,notumor
5,Training/notumor/Tr-no_614.png,notumor,notumor
5,Training/notumor/Tr-no_615.png,notumor,notumor
5,Training/notumor/Tr-no_616.png,notumor,meningioma
5,Training/notumor/Tr-no_617.png,notumor,notumor
5,Training/notumor/Tr-no_618.png,notumor,notumor
5,Training/notumor/Tr-no_619.png,notumor,notumor
5,Training/notumor/Tr-no_62.png,notumor,notumor
5,Training/notumor/Tr-no_627.png,notumor,notumor
5,Training/notumor/Tr-no_638.png,notumor,notumor
5,Training/notumor/Tr-no_640.png,notumor,notumor
5,Training/notumor/Tr-no_644.png,notumor,notumor
5,Training/notumor/Tr-no_649.png,notumor,notumor
5,Training/notumor/Tr-no_655.png,notumor,notumor
5,Training/notumor/Tr-no_665.png,notumor,notumor
5,Training/notumor/Tr-no_667.png,notumor,notumor
5,Training/notumor/Tr-no_67.png,notumor,notumor
5,Training/notumor/Tr-no_675.png,notumor,notumor
5,Training/notumor/Tr-no_680.png,notumor,notumor
5,Training/notumor/Tr-no_69.png,notumor,notumor
5,Training/notumor/Tr-no_693.png,notumor,notumor
5,Training/notumor/Tr-no_695.png,notumor,notumor
5,Training/notumor/Tr-no_698.png,notumor,notumor
5,Training/notumor/Tr-no_70.png,notumor,notumor
5,Training/notumor/Tr-no_702.png,notumor,notumor
5,Training/notumor/Tr-no_706.png,notumor,pituitary
5,Training/notumor/Tr-no_711.png,notumor,notumor
5,Training/notumor/Tr-no_713.png,notumor,notumor
5,Training/notumor/Tr-no_714.png,notumor,notumor
5,Training/notumor/Tr-no_716.png,notumor,notumor
5,Training/notumor/Tr-no_72.png,notumor,notumor
5,Training/notumor/Tr-no_724.png,notumor,notumor
5,Training/notumor/Tr-no_727.png,notumor,notumor
5,Training/notumor/Tr-no_729.png,notumor,notumor
5,Training/notumor/Tr-no_734.png,notumor,notumor
5,Training/notumor/Tr-no_737.png,notumor,notumor
5,Training/notumor/Tr-no_741.png,notumor,notumor
5,Training/notumor/Tr-no_754.png,notumor,notumor
5,Training/notumor/Tr-no_757.png,notumor,notumor
5,Training/notumor/Tr-no_76.png,notumor,notumor
5,Training/notumor/Tr-no_765.png,notumor,notumor
5,Training/notumor/Tr-no_77.png,notumor,pituitary
5,Training/notumor/Tr-no_782.png,notumor,pituitary
5,Training/notumor/Tr-no_786.png,notumor,notumor
5,Training/notumor/Tr-no_79.png,notumor,pituitary
5,Training/notumor/Tr-no_8.png,notumor,notumor
5,Training/notumor/Tr-no_80.png,notumor,notumor
5,Training/notumor/Tr-no_802.png,notumor,notumor
5,Training/notumor/Tr-no_804.png,notumor,notumor
5,Training/notumor/Tr-no_806.png,notumor,notumor
5,Training/notumor/Tr-no_809.png,notumor,notumor
5,Training/notumor/Tr-no_810.png,notumor,notumor
5,Training/notumor/Tr-no_814.png,notumor,notumor
5,Training/notumor/Tr-no_817.png,notumor,notumor
5,Training/notumor/Tr-no_822.png,notumor,notumor
5,Training/notumor/Tr-no_825.png,notumor,notumor
5,Training/notumor/Tr-no_828.png,notumor,notumor
5,Training/notumor/Tr-no_83.png,notumor,notumor
5,Training/notumor/Tr-no_830.png,notumor,notumor
5,Training/notumor/Tr-no_858.png,notumor,notumor
5,Training/notumor/Tr-no_859.png,notumor,notumor
5,Training/notumor/Tr-no_860.png,notumor,notumor
5,Training/notumor/Tr-no_866.png,notumor,notumor
5,Training/notumor/Tr-no_868.png,notumor,notumor
5,Training/notumor/Tr-no_88.png,notumor,notumor
5,Training/notumor/Tr-no_893.png,notumor,notumor
5,Training/notumor/Tr-no_898.png,notumor,notumor
5,Training/notumor/Tr-no_899.png,notumor,notumor
5,Training/notumor/Tr-no_902.png,notumor,notumor
5,Training/notumor/Tr-no_905.png,notumor,meningioma
5,Training/notumor/Tr-no_907.png,notumor,pituitary
5,Training/notumor/Tr-no_909.png,notumor,notumor
5,Training/notumor/Tr-no_916.png,notumor,notumor
5,Training/notumor/Tr-no_923.png,notumor,notumor
5,Training/notumor/Tr-no_925.png,notumor,notumor
5,Training/notumor/Tr-no_926.png,notumor,notumor
5,Training/notumor/Tr-no_93.png,notumor,notumor
5,Training/notumor/Tr-no_931.png,notumor,notumor
5,Training/notumor/Tr-no_94.png,notumor,notumor
5,Training/notumor/Tr-no_945.png,notumor,notumor
5,Training/notumor/Tr-no_956.png,notumor,notumor
5,Training/notumor/Tr-no_96.png,notumor,notumor
5,Training/notumor/Tr-no_960.png,notumor,notumor
5,Training/notumor/Tr-no_968.png,notumor,notumor
5,Training/notumor/Tr-no_976.png,notumor,notumor
5,Training/notumor/Tr-no_982.png,notumor,notumor
5,Training/notumor/Tr-no_984.png,notumor,notumor
5,Training/pituitary/Tr-pi_1.png,pituitary,pituitary
5,Training/pituitary/Tr-pi_1002.png,pituitary,pituitary
5,Training/pituitary/Tr-pi_1005.png,pituitary,pituitary
5,Training/pituitary/Tr-pi_1013.png,pituitary,pituitary
5,Training/pituitary/Tr-pi_1018.png,pituitary,pituitary
5,Training/pituitary/Tr-pi_1022.png,pituitary,pituitary
5,Training/pituitary/Tr-pi_1024.png,pituitary,pituitary
5,Training/pituitary/Tr-pi_1027.png,pituitary,pituitary
5,Training/pituitary/Tr-pi_1028.png,pituitary,pituitary
5,Training/pituitary/Tr-pi_1034.png,pituitary,meningioma
5,Training/pituitary/Tr-pi_1036.png,pituitary,pituitary
5,Training/pituitary/Tr-pi_1040.png,pituitary,pituitary
5,Training/pituitary/Tr-pi_1055.png,pituitary,pituitary
5,Training/pituitary/Tr-pi_1062.png,pituitary,glioma
5,Training/pituitary/Tr-pi_1071.png,pituitary,pituitary
5,Training/pituitary/Tr-pi_1074.png,pituitary,pituitary
5,Training/pituitary/Tr-pi_1081.png,pituitary,pituitary
5,Training/pituitary/Tr-pi_1084.png,pituitary,pituitary
5,Training/pituitary/Tr-pi_1092.png,pituitary,pituitary
5,Training/pituitary/Tr-pi_1097.png,pituitary,pituitary
5,Training/pituitary/Tr-pi_11.png,pituitary,pituitary
5,Training/pituitary/Tr-pi_1105.png,pituitary,pituitary
5,Training/pituitary/Tr-pi_1106.png,pituitary,glioma
5,Training/pituitary/Tr-pi_1111.png,pituitary,pituitary
5,Training/pituitary/Tr-pi_1113.png,pituitary,pituitary
5,Training/pituitary/Tr-pi_1117.png,pituitary,pituitary
5,Training/pituitary/Tr-pi_1119.png,pituitary,pituitary
5,Training/pituitary/Tr-pi_1131.png,pituitary,pituitary
5,Training/pituitary/Tr-pi_1138.png,pituitary,pituitary
5,Training/pituitary/Tr-pi_1148.png,pituitary,pituitary
5,Training/pituitary/Tr-pi_1150.png,pituitary,pituitary
5,Training/pituitary/Tr-pi_1158.png,pituitary,pituitary
5,Training/pituitary/Tr-pi_1160.png,pituitary,pituitary
5,Training/pituitary/Tr-pi_1162.png,pituitary,pituitary
5,Training/pituitary/Tr-pi_1165.png,pituitary,pituitary
5,Training/pituitary/Tr-pi_1167.png,pituitary,pituitary
5,Training/pituitary/Tr-pi_1168.png,pituitary,meningioma
5,Training/pituitary/Tr-pi_1175.png,pituitary,glioma
5,Training/pituitary/Tr-pi_1181.png,pituitary,pituitary
5,Training/pituitary/Tr-pi_1190.png,pituitary,pituitary
5,Training/pituitary/Tr-pi_1191.png,pituitary,pituitary
5,Training/pituitary/Tr-pi_1207.png,pituitary,pituitary
5,Training/pituitary/Tr-pi_1218.png,pituitary,pituitary
5,Training/pituitary/Tr-pi_122.png,pituitary,pituitary
5,Training/pituitary/Tr-pi_1229.png,pituitary,pituitary
5,Training/pituitary/Tr-pi_1234.png,pituitary,pituitary
5,Training/pituitary/Tr-pi_1235.png,pituitary,pituitary
5,Training/pituitary/Tr-pi_1237.png,pituitary,pituitary
5,Training/pituitary/Tr-pi_1238.png,pituitary,pituitary
5,Training/pituitary/Tr-pi_1239.png,pituitary,pituitary
5,Training/pituitary/Tr-pi_1241.png,pituitary,pituitary
5,Training/pituitary/Tr-pi_1243.png,pituitary,pituitary
5,Training/pituitary/Tr-pi_125.png,pituitary,pituitary
5,Training/pituitary/Tr-pi_1251.png,pituitary,pituitary
5,Training/pituitary/Tr-pi_1254.png,pituitary,pituitary
5,Training/pituitary/Tr-pi_1259.png,pituitary,pituitary
5,Training/pituitary/Tr-pi_1263.png,pituitary,pituitary
5,Training/pituitary/Tr-pi_1265.png,pituitary,pituitary
5,Training/pituitary/Tr-pi_1267.png,pituitary,pituitary
5,Training/pituitary/Tr-pi_1278.png,pituitary,pituitary
5,Training/pituitary/Tr-pi_128.png,pituitary,pituitary
5,Training/pituitary/Tr-pi_1280.png,pituitary,pituitary
5,Training/pituitary/Tr-pi_1289.png,pituitary,pituitary
5,Training/pituitary/Tr-pi_1290.png,pituitary,pituitary
5,Training/pituitary/Tr-pi_1291.png,pituitary,pituitary
5,Training/pituitary/Tr-pi_1292.png,pituitary,pituitary
5,Training/pituitary/Tr-pi_1293.png,pituitary,pituitary
5,Training/pituitary/Tr-pi_1297.png,pituitary,pituitary
5,Training/pituitary/Tr-pi_1301.png,pituitary,pituitary
5,Training/pituitary/Tr-pi_1310.png,pituitary,pituitary
5,Training/pituitary/Tr-pi_1318.png,pituitary,pituitary
5,Training/pituitary/Tr-pi_1323.png,pituitary,pituitary
5,Training/pituitary/Tr-pi_1329.png,pituitary,pituitary
5,Training/pituitary/Tr-pi_1335.png,pituitary,pituitary
5,Training/pituitary/Tr-pi_1337.png,pituitary,pituitary
5,Training/pituitary/Tr-pi_134.png,pituitary,pituitary
5,Training/pituitary/Tr-pi_1341.png,pituitary,pituitary
5,Training/pituitary/Tr-pi_1344.png,pituitary,pituitary
5,Training/pituitary/Tr-pi_1348.png,pituitary,pituitary
5,Training/pituitary/Tr-pi_1351.png,pituitary,meningioma
5,Training/pituitary/Tr-pi_1363.png,pituitary,pituitary
5,Training/pituitary/Tr-pi_1365.png,pituitary,pituitary
5,Training/pituitary/Tr-pi_1371.png,pituitary,pituitary
5,Training/pituitary/Tr-pi_1373.png,pituitary,pituitary
5,Training/pituitary/Tr-pi_138.png,pituitary,pituitary
5,Training/pituitary/Tr-pi_1380.png,pituitary,pituitary
5,Training/pituitary/Tr-pi_1386.png,pituitary,pituitary
5,Training/pituitary/Tr-pi_139.png,pituitary,notumor
5,Training/pituitary/Tr-pi_1392.png,pituitary,pituitary
5,Training/pituitary/Tr-pi_1396.png,pituitary,pituitary
5,Training/pituitary/Tr-pi_1398.png,pituitary,pituitary
5,Training/pituitary/Tr-pi_140.png,pituitary,pituitary
5,Training/pituitary/Tr-pi_141.png,pituitary,pituitary
5,Training/pituitary/Tr-pi_143.png,pituitary,pituitary
5,Training/pituitary/Tr-pi_144.png,pituitary,pituitary
5,Training/pituitary/Tr-pi_145.png,pituitary,pituitary
5,Training/pituitary/Tr-pi_152.png,pituitary,glioma
5,Training/pituitary/Tr-pi_153.png,pituitary,pituitary
5,Training/pituitary/Tr-pi_165.png,pituitary,glioma
5,Training/pituitary/Tr-pi_167.png,pituitary,pituitary
5,Training/pituitary/Tr-pi_171.png,pituitary,pituitary
5,Training/pituitary/Tr-pi_175.png,pituitary,pituitary
5,Training/pituitary/Tr-pi_176.png,pituitary,pituitary
5,Training/pituitary/Tr-pi_180.png,pituitary,pituitary
5,Training/pituitary/Tr-pi_182.png,pituitary,pituitary
5,Training/pituitary/Tr-pi_185.png,pituitary,pituitary
5,Training/pituitary/Tr-pi_190.png,pituitary,pituitary
5,Training/pituitary/Tr-pi_195.png,pituitary,pituitary
5,Training/pituitary/Tr-pi_20.png,pituitary,glioma
5,Training/pituitary/Tr-pi_206.png,pituitary,pituitary
5,Training/pituitary/Tr-pi_207.png,pituitary,pituitary
5,Training/pituitary/Tr-pi_210.png,pituitary,pituitary
5,Training/pituitary/Tr-pi_214.png,pituitary,pituitary
5,Training/pituitary/Tr-pi_215.png,pituitary,pituitary
5,Training/pituitary/Tr-pi_218.png,pituitary,pituitary
5,Training/pituitary/Tr-pi_22.png,pituitary,pituitary
5,Training/pituitary/Tr-pi_220.png,pituitary,pituitary
5,Training/pituitary/Tr-pi_226.png,pituitary,pituitary
5,Training/pituitary/Tr-pi_231.png,pituitary,pituitary
5,Training/pituitary/Tr-pi_233.png,pituitary,pituitary
5,Training/pituitary/Tr-pi_235.png,pituitary,pituitary
5,Training/pituitary/Tr-pi_243.png,pituitary,pituitary
5,Training/pituitary/Tr-pi_245.png,pituitary,pituitary
5,Training/pituitary/Tr-pi_254.png,pituitary,pituitary
5,Training/pituitary/Tr-pi_255.png,pituitary,pituitary
5,Training/pituitary/Tr-pi_260.png,pituitary,pituitary
5,Training/pituitary/Tr-pi_261.png,pituitary,pituitary
5,Training/pituitary/Tr-pi_272.png,pituitary,pituitary
5,Training/pituitary/Tr-pi_29.png,pituitary,pituitary
5,Training/pituitary/Tr-pi_293.png,pituitary,pituitary
5,Training/pituitary/Tr-pi_295.png,pituitary,pituitary
5,Training/pituitary/Tr-pi_297.png,pituitary,pituitary
5,Training/pituitary/Tr-pi_309.png,pituitary,pituitary
5,Training/pituitary/Tr-pi_312.png,pituitary,pituitary
5,Training/pituitary/Tr-pi_321.png,pituitary,pituitary
5,Training/pituitary/Tr-pi_324.png,pituitary,pituitary
5,Training/pituitary/Tr-pi_327.png,pituitary,pituitary
5,Training/pituitary/Tr-pi_330.png,pituitary,pituitary
5,Training/pituitary/Tr-pi_335.png,pituitary,pituitary
5,Training/pituitary/Tr-pi_342.png,pituitary,pituitary
5,Training/pituitary/Tr-pi_345.png,pituitary,pituitary
5,Training/pituitary/Tr-pi_353.png,pituitary,pituitary
5,Training/pituitary/Tr-pi_361.png,pituitary,pituitary
5,Training/pituitary/Tr-pi_368.png,pituitary,pituitary
5,Training/pituitary/Tr-pi_37.png,pituitary,pituitary
5,Training/pituitary/Tr-pi_370.png,pituitary,meningioma
5,Training/pituitary/Tr-pi_384.png,pituitary,pituitary
5,Training/pituitary/Tr-pi_386.png,pituitary,pituitary
5,Training/pituitary/Tr-pi_388.png,pituitary,pituitary
5,Training/pituitary/Tr-pi_389.png,pituitary,pituitary
5,Training/pituitary/Tr-pi_390.png,pituitary,pituitary
5,Training/pituitary/Tr-pi_391.png,pituitary,glioma
5,Training/pituitary/Tr-pi_4.png,pituitary,glioma
5,Training/pituitary/Tr-pi_402.png,pituitary,pituitary
5,Training/pituitary/Tr-pi_408.png,pituitary,pituitary
5,Training/pituitary/Tr-pi_412.png,pituitary,pituitary
5,Training/pituitary/Tr-pi_415.png,pituitary,pituitary
5,Training/pituitary/Tr-pi_416.png,pituitary,pituitary
5,Training/pituitary/Tr-pi_434.png,pituitary,pituitary
5,Training/pituitary/Tr-pi_438.png,pituitary,pituitary
5,Training/pituitary/Tr-pi_444.png,pituitary,pituitary
5,Training/pituitary/Tr-pi_45.png,pituitary,pituitary
5,Training/pituitary/Tr-pi_452.png,pituitary,meningioma
5,Training/pituitary/Tr-pi_453.png,pituitary,pituitary
5,Training/pituitary/Tr-pi_458.png,pituitary,pituitary
5,Training/pituitary/Tr-pi_462.png,pituitary,pituitary
5,Training/pituitary/Tr-pi_469.png,pituitary,pituitary
5,Training/pituitary/Tr-pi_471.png,pituitary,pituitary
5,Training/pituitary/Tr-pi_480.png,pituitary,pituitary
5,Training/pituitary/Tr-pi_481.png,pituitary,pituitary
5,Training/pituitary/Tr-pi_485.png,pituitary,pituitary
5,Training/pituitary/Tr-pi_49.png,pituitary,glioma
5,Training/pituitary/Tr-pi_491.png,pituitary,pituitary
5,Training/pituitary/Tr-pi_495.png,pituitary,pituitary
5,Training/pituitary/Tr-pi_503.png,pituitary,pituitary
5,Training/pituitary/Tr-pi_506.png,pituitary,pituitary
5,Training/pituitary/Tr-pi_513.png,pituitary,pituitary
5,Training/pituitary/Tr-pi_516.png,pituitary,pituitary
5,Training/pituitary/Tr-pi_519.png,pituitary,pituitary
5,Training/pituitary/Tr-pi_528.png,pituitary,pituitary
5,Training/pituitary/Tr-pi_529.png,pituitary,glioma
5,Training/pituitary/Tr-pi_533.png,pituitary,pituitary
5,Training/pituitary/Tr-pi_536.png,pituitary,pituitary
5,Training/pituitary/Tr-pi_537.png,pituitary,pituitary
5,Training/pituitary/Tr-pi_543.png,pituitary,pituitary
5,Training/pituitary/Tr-pi_544.png,pituitary,pituitary
5,Training/pituitary/Tr-pi_556.png,pituitary,pituitary
5,Training/pituitary/Tr-pi_568.png,pituitary,pituitary
5,Training/pituitary/Tr-pi_569.png,pituitary,pituitary
5,Training/pituitary/Tr-pi_570.png,pituitary,pituitary
5,Training/pituitary/Tr-pi_575.png,pituitary,pituitary
5,Training/pituitary/Tr-pi_579.png,pituitary,pituitary
5,Training/pituitary/Tr-pi_58.png,pituitary,pituitary
5,Training/pituitary/Tr-pi_580.png,pituitary,pituitary
5,Training/pituitary/Tr-pi_584.png,pituitary,pituitary
5,Training/pituitary/Tr-pi_588.png,pituitary,pituitary
5,Training/pituitary/Tr-pi_592.png,pituitary,pituitary
5,Training/pituitary/Tr-pi_593.png,pituitary,pituitary
5,Training/pituitary/Tr-pi_596.png,pituitary,pituitary
5,Training/pituitary/Tr-pi_6.png,pituitary,pituitary
5,Training/pituitary/Tr-pi_602.png,pituitary,pituitary
5,Training/pituitary/Tr-pi_609.png,pituitary,pituitary
5,Training/pituitary/Tr-pi_61.png,pituitary,pituitary
5,Training/pituitary/Tr-pi_611.png,pituitary,pituitary
5,Training/pituitary/Tr-pi_613.png,pituitary,pituitary
5,Training/pituitary/Tr-pi_615.png,pituitary,pituitary
5,Training/pituitary/Tr-pi_619.png,pituitary,pituitary
5,Training/pituitary/Tr-pi_630.png,pituitary,pituitary
5,Training/pituitary/Tr-pi_642.png,pituitary,pituitary
5,Training/pituitary/Tr-pi_644.png,pituitary,pituitary
5,Training/pituitary/Tr-pi_652.png,pituitary,pituitary
5,Training/pituitary/Tr-pi_654.png,pituitary,pituitary
5,Training/pituitary/Tr-pi_656.png,pituitary,pituitary
5,Training/pituitary/Tr-pi_66.png,pituitary,pituitary
5,Training/pituitary/Tr-pi_673.png,pituitary,pituitary
5,Training/pituitary/Tr-pi_677.png,pituitary,pituitary
5,Training/pituitary/Tr-pi_690.png,pituitary,pituitary
5,Training/pituitary/Tr-pi_694.png,pituitary,pituitary
5,Training/pituitary/Tr-pi_701.png,pituitary,pituitary
5,Training/pituitary/Tr-pi_716.png,pituitary,pituitary
5,Training/pituitary/Tr-pi_718.png,pituitary,pituitary
5,Training/pituitary/Tr-pi_72.png,pituitary,pituitary
5,Training/pituitary/Tr-pi_720.png,pituitary,pituitary
5,Training/pituitary/Tr-pi_721.png,pituitary,pituitary
5,Training/pituitary/Tr-pi_723.png,pituitary,pituitary
5,Training/pituitary/Tr-pi_725.png,pituitary,pituitary
5,Training/pituitary/Tr-pi_727.png,pituitary,pituitary
5,Training/pituitary/Tr-pi_734.png,pituitary,pituitary
5,Training/pituitary/Tr-pi_744.png,pituitary,pituitary
5,Training/pituitary/Tr-pi_745.png,pituitary,pituitary
5,Training/pituitary/Tr-pi_748.png,pituitary,pituitary
5,Training/pituitary/Tr-pi_751.png,pituitary,meningioma
5,Training/pituitary/Tr-pi_753.png,pituitary,pituitary
5,Training/pituitary/Tr-pi_758.png,pituitary,pituitary
5,Training/pituitary/Tr-pi_759.png,pituitary,pituitary
5,Training/pituitary/Tr-pi_76.png,pituitary,glioma
5,Training/pituitary/Tr-pi_771.png,pituitary,pituitary
5,Training/pituitary/Tr-pi_778.png,pituitary,pituitary
5,Training/pituitary/Tr-pi_79.png,pituitary,pituitary
5,Training/pituitary/Tr-pi_799.png,pituitary,pituitary
5,Training/pituitary/Tr-pi_810.png,pituitary,pituitary
5,Training/pituitary/Tr-pi_812.png,pituitary,pituitary
5,Training/pituitary/Tr-pi_813.png,pituitary,pituitary
5,Training/pituitary/Tr-pi_818.png,pituitary,pituitary
5,Training/pituitary/Tr-pi_820.png,pituitary,pituitary
5,Training/pituitary/Tr-pi_822.png,pituitary,pituitary
5,Training/pituitary/Tr-pi_829.png,pituitary,pituitary
5,Training/pituitary/Tr-pi_836.png,pituitary,pituitary
5,Training/pituitary/Tr-pi_837.png,pituitary,meningioma
5,Training/pituitary/Tr-pi_844.png,pituitary,pituitary
5,Training/pituitary/Tr-pi_846.png,pituitary,pituitary
5,Training/pituitary/Tr-pi_853.png,pituitary,notumor
5,Training/pituitary/Tr-pi_854.png,pituitary,pituitary
5,Training/pituitary/Tr-pi_855.png,pituitary,pituitary
5,Training/pituitary/Tr-pi_859.png,pituitary,pituitary
5,Training/pituitary/Tr-pi_86.png,pituitary,pituitary
5,Training/pituitary/Tr-pi_868.png,pituitary,pituitary
5,Training/pituitary/Tr-pi_873.png,pituitary,pituitary
5,Training/pituitary/Tr-pi_876.png,pituitary,pituitary
5,Training/pituitary/Tr-pi_882.png,pituitary,pituitary
5,Training/pituitary/Tr-pi_887.png,pituitary,pituitary
5,Training/pituitary/Tr-pi_905.png,pituitary,pituitary
5,Training/pituitary/Tr-pi_910.png,pituitary,pituitary
5,Training/pituitary/Tr-pi_916.png,pituitary,pituitary
5,Training/pituitary/Tr-pi_922.png,pituitary,pituitary
5,Training/pituitary/Tr-pi_928.png,pituitary,pituitary
5,Training/pituitary/Tr-pi_941.png,pituitary,pituitary
5,Training/pituitary/Tr-pi_942.png,pituitary,pituitary
5,Training/pituitary/Tr-pi_949.png,pituitary,pituitary
5,Training/pituitary/Tr-pi_950.png,pituitary,pituitary
5,Training/pituitary/Tr-pi_951.png,pituitary,pituitary
5,Training/pituitary/Tr-pi_952.png,pituitary,pituitary
5,Training/pituitary/Tr-pi_956.png,pituitary,pituitary
5,Training/pituitary/Tr-pi_96.png,pituitary,meningioma
5,Training/pituitary/Tr-pi_965.png,pituitary,pituitary
5,Training/pituitary/Tr-pi_985.png,pituitary,pituitary
5,Training/pituitary/Tr-pi_988.png,pituitary,pituitary
5,Training/pituitary/Tr-pi_989.png,pituitary,pituitary
5,Training/pituitary/Tr-pi_991.png,pituitary,pituitary
5,Training/pituitary/Tr-pi_992.png,pituitary,pituitary
